brand,model,year,price,mileage,horsepower,engine_capacity,engine_type,transmission,gear,bodywork,doors_num,steering_wheel,tech_condition,owners_num,vin,color
Audi,A4,2020,2275000,0,150,2.0,GASOLINE,AMT,FORWARD_CONTROL,SEDAN,4,LEFT,,0,WAUZ*************,WHITE
Audi,A4,2020,3461000,0,249,2.0,GASOLINE,AMT,ALL_WHEEL_DRIVE,SEDAN,4,LEFT,,0,WAUZ*************,GREY
Audi,A6,2015,1698000,79476,190,1.8,GASOLINE,AMT,FORWARD_CONTROL,SEDAN,4,LEFT,NOT_BEATEN,1,WAUZ*************,BLACK
Audi,A3,2020,1885400,0,150,1.4,GASOLINE,AMT,FORWARD_CONTROL,SEDAN,4,LEFT,,0,WAUZ*************,GREY
Audi,A8,2019,7490000,0,460,4.0,GASOLINE,AT,ALL_WHEEL_DRIVE,SEDAN,4,LEFT,,0,WAUZ*************,BLACK
Audi,A6,2020,4124849,0,190,2.0,GASOLINE,AMT,FORWARD_CONTROL,SEDAN,4,LEFT,,0,WAUZ*************,WHITE
Audi,S4,2009,600000,140000,333,3.0,GASOLINE,AMT,ALL_WHEEL_DRIVE,SEDAN,4,LEFT,BEATEN,3,WAUZ*************,RED
Audi,A4 Allroad Quattro,2020,3768000,0,245,2.0,GASOLINE,AMT,ALL_WHEEL_DRIVE,WAGON,5,LEFT,,0,WAUZ*************,GREY
Audi,Q5,2020,3495000,0,249,2.0,GASOLINE,AMT,ALL_WHEEL_DRIVE,ALLROAD,5,LEFT,,0,WAUZ*************,GREY
Audi,Q7,2015,2890000,130000,249,3.0,DIESEL,AT,ALL_WHEEL_DRIVE,ALLROAD,5,LEFT,NOT_BEATEN,2,WAUZ*************,WHITE
Audi,A4,2020,2275000,0,150,2.0,GASOLINE,AMT,FORWARD_CONTROL,SEDAN,4,LEFT,,0,WAUZ*************,GREY
Audi,Q7,2020,6352500,0,249,3.0,DIESEL,AT,ALL_WHEEL_DRIVE,ALLROAD,5,LEFT,,0,XXXX*************,WHITE
Audi,Q3 Sportback,2020,3243000,0,150,1.4,GASOLINE,AMT,FORWARD_CONTROL,ALLROAD,5,LEFT,,0,WAUZ*************,GREEN
Audi,A4 Allroad Quattro,2020,3595000,0,245,2.0,GASOLINE,AMT,ALL_WHEEL_DRIVE,WAGON,5,LEFT,,0,WAUZ*************,WHITE
Audi,e-tron,2020,7608650,0,408,0.0,ELECTRO,AT,ALL_WHEEL_DRIVE,ALLROAD,5,LEFT,,0,WAUZ*************,BLACK
Audi,A4 Allroad Quattro,2020,3943892,0,245,2.0,GASOLINE,AMT,ALL_WHEEL_DRIVE,WAGON,5,LEFT,,0,WAUZ*************,GREY
Audi,A6,2020,3728000,0,245,2.0,GASOLINE,AMT,ALL_WHEEL_DRIVE,SEDAN,4,LEFT,,0,WAUZ*************,SILVER
Audi,A3,2020,1895000,0,150,1.4,GASOLINE,AMT,FORWARD_CONTROL,SEDAN,4,LEFT,,0,WAUZ*************,BLACK
Audi,A6,2020,3892200,0,245,2.0,GASOLINE,AMT,ALL_WHEEL_DRIVE,SEDAN,4,LEFT,,0,WAUZ*************,GREY
Audi,A4,2012,900000,67500,211,2.0,GASOLINE,AMT,ALL_WHEEL_DRIVE,SEDAN,4,LEFT,NOT_BEATEN,1,WAUZ*************,WHITE
Audi,A3,2020,1885400,0,150,1.4,GASOLINE,AMT,FORWARD_CONTROL,SEDAN,4,LEFT,,0,WAUZ*************,WHITE
Audi,A3,2020,1885400,0,150,1.4,GASOLINE,AMT,FORWARD_CONTROL,SEDAN,4,LEFT,,0,WAUZ*************,GREY
Audi,Q3,2020,2974000,0,180,2.0,GASOLINE,AMT,ALL_WHEEL_DRIVE,ALLROAD,5,LEFT,,0,WAUZ*************,RED
Audi,Q5,2020,3460000,0,249,2.0,GASOLINE,AMT,ALL_WHEEL_DRIVE,ALLROAD,5,LEFT,,0,WAUZ*************,BLACK
Audi,A8,2019,10638000,0,460,4.0,GASOLINE,AT,ALL_WHEEL_DRIVE,SEDAN,4,LEFT,,0,WAUZ*************,BLACK
Audi,Q8,2019,6998000,9170,249,3.0,DIESEL,AT,ALL_WHEEL_DRIVE,ALLROAD,5,LEFT,NOT_BEATEN,1,XW8Z*************,GREY
Audi,A4,2012,850000,128843,170,1.8,GASOLINE,CVT,FORWARD_CONTROL,SEDAN,4,LEFT,NOT_BEATEN,1,WAUZ*************,BLACK
Audi,Q7,2009,799000,109000,326,4.1,DIESEL,AT,ALL_WHEEL_DRIVE,ALLROAD,5,LEFT,NOT_BEATEN,3,WAUZ*************,SILVER
Audi,A6,2020,3180000,0,190,2.0,HYBRID,AMT,FORWARD_CONTROL,SEDAN,4,LEFT,,0,WAUZ*************,BLACK
Audi,A8,2020,8415534,0,340,3.0,GASOLINE,AT,ALL_WHEEL_DRIVE,SEDAN,4,LEFT,,0,WAUZ*************,BLACK
Audi,A7,2014,1998000,89683,245,3.0,DIESEL,AMT,ALL_WHEEL_DRIVE,HATCHBACK,5,LEFT,NOT_BEATEN,4,XW8Z*************,WHITE
Audi,A4,2008,400000,5000,200,2.0,GASOLINE,CVT,FORWARD_CONTROL,SEDAN,4,RIGHT,NOT_BEATEN,3,WAUZ*************,BLUE
Audi,A3,2020,1885400,0,150,1.4,GASOLINE,AMT,FORWARD_CONTROL,SEDAN,4,LEFT,,0,WAUZ*************,BLUE
Audi,Q5,2014,1748000,50352,225,2.0,GASOLINE,AT,ALL_WHEEL_DRIVE,ALLROAD,5,LEFT,NOT_BEATEN,3,XW8Z*************,WHITE
Audi,Q7,2020,6500000,0,249,3.0,DIESEL,AT,ALL_WHEEL_DRIVE,ALLROAD,5,LEFT,,0,XW8Z*************,BLUE
Audi,Q5,2015,1579000,67205,225,2.0,GASOLINE,AT,ALL_WHEEL_DRIVE,ALLROAD,5,LEFT,NOT_BEATEN,1,WAUZ*************,BLACK
Audi,Q7,2009,699000,190000,280,3.6,GASOLINE,AT,ALL_WHEEL_DRIVE,ALLROAD,5,LEFT,NOT_BEATEN,2,WAUZ*************,GREY
Audi,A5,2016,2698000,9719,190,2.0,DIESEL,AMT,ALL_WHEEL_DRIVE,COUPE,2,LEFT,NOT_BEATEN,1,WAUZ*************,BROWN
Audi,A8,2018,10270000,0,460,4.0,GASOLINE,AT,ALL_WHEEL_DRIVE,SEDAN,4,LEFT,,0,WAUZ*************,GREY
Audi,Q5,2020,3460000,0,249,2.0,GASOLINE,AMT,ALL_WHEEL_DRIVE,ALLROAD,5,LEFT,,0,WAUZ*************,GREY
Audi,A5,2020,3800000,0,249,2.0,GASOLINE,AMT,ALL_WHEEL_DRIVE,COUPE,2,LEFT,,0,WAUZ*************,WHITE
Audi,Q3,2018,1950000,8700,180,2.0,GASOLINE,AMT,ALL_WHEEL_DRIVE,ALLROAD,5,LEFT,NOT_BEATEN,1,WAUZ*************,WHITE
Audi,A8,2020,10050636,0,340,3.0,GASOLINE,AT,ALL_WHEEL_DRIVE,SEDAN,4,LEFT,,0,WAUZ*************,BLUE
Audi,A5,2020,3805000,0,249,2.0,GASOLINE,AMT,ALL_WHEEL_DRIVE,COUPE,2,LEFT,,0,XXXX*************,GREY
Audi,A4,2020,2277432,0,150,2.0,GASOLINE,AMT,FORWARD_CONTROL,SEDAN,4,LEFT,,0,WAUZ*************,BLACK
Audi,Q3,2020,2974000,0,180,2.0,GASOLINE,AMT,ALL_WHEEL_DRIVE,ALLROAD,5,LEFT,,0,WAUZ*************,RED
Audi,Q5,2020,3495000,0,249,2.0,GASOLINE,AMT,ALL_WHEEL_DRIVE,ALLROAD,5,LEFT,,0,WAUZ*************,GREY
Audi,Q3,2020,3647714,0,180,2.0,GASOLINE,AMT,ALL_WHEEL_DRIVE,ALLROAD,5,LEFT,,0,WAUZ*************,GREY
Audi,A3,2014,829000,71000,122,1.4,GASOLINE,AMT,FORWARD_CONTROL,SEDAN,4,LEFT,NOT_BEATEN,2,WAUZ*************,WHITE
Audi,A8,2019,7990000,0,460,4.0,GASOLINE,AT,ALL_WHEEL_DRIVE,SEDAN,4,LEFT,,0,WAUZ*************,BLACK
Audi,A4,2020,2275000,0,150,2.0,GASOLINE,AMT,FORWARD_CONTROL,SEDAN,4,LEFT,,0,WAUZ*************,WHITE
Audi,A4,2020,3461000,0,249,2.0,GASOLINE,AMT,ALL_WHEEL_DRIVE,SEDAN,4,LEFT,,0,WAUZ*************,GREY
Audi,A6,2015,1698000,79476,190,1.8,GASOLINE,AMT,FORWARD_CONTROL,SEDAN,4,LEFT,NOT_BEATEN,1,WAUZ*************,BLACK
Audi,A3,2020,1885400,0,150,1.4,GASOLINE,AMT,FORWARD_CONTROL,SEDAN,4,LEFT,,0,WAUZ*************,GREY
Audi,A8,2019,7490000,0,460,4.0,GASOLINE,AT,ALL_WHEEL_DRIVE,SEDAN,4,LEFT,,0,WAUZ*************,BLACK
Audi,A6,2020,4124849,0,190,2.0,GASOLINE,AMT,FORWARD_CONTROL,SEDAN,4,LEFT,,0,WAUZ*************,WHITE
Audi,A3,2018,1300000,53650,150,1.4,GASOLINE,AMT,FORWARD_CONTROL,SEDAN,4,LEFT,NOT_BEATEN,1,WAUZ*************,BLACK
Audi,A8,2011,1149000,147000,372,4.2,GASOLINE,AT,ALL_WHEEL_DRIVE,SEDAN,4,LEFT,NOT_BEATEN,2,WAUZ*************,BLACK
Audi,A4,2020,2275000,0,150,2.0,GASOLINE,AMT,FORWARD_CONTROL,SEDAN,4,LEFT,,0,WAUZ*************,BLUE
Audi,Q7,2015,2890000,130000,249,3.0,DIESEL,AT,ALL_WHEEL_DRIVE,ALLROAD,5,LEFT,NOT_BEATEN,2,WAUZ*************,WHITE
Audi,A4,2020,2275000,0,150,2.0,GASOLINE,AMT,FORWARD_CONTROL,SEDAN,4,LEFT,,0,WAUZ*************,GREY
Audi,Q7,2020,6352500,0,249,3.0,DIESEL,AT,ALL_WHEEL_DRIVE,ALLROAD,5,LEFT,,0,XXXX*************,WHITE
Audi,RS7,2016,4850000,42500,605,4.0,GASOLINE,AT,ALL_WHEEL_DRIVE,HATCHBACK,5,LEFT,NOT_BEATEN,3,MUAZ*************,BLUE
Audi,Q3,2020,3270650,0,180,2.0,GASOLINE,AMT,ALL_WHEEL_DRIVE,ALLROAD,5,LEFT,,0,XXXX*************,RED
Audi,Q3,2020,3148761,0,180,2.0,GASOLINE,AMT,ALL_WHEEL_DRIVE,ALLROAD,5,LEFT,,0,WAUZ*************,BLACK
Audi,A4 Allroad Quattro,2020,3943892,0,245,2.0,GASOLINE,AMT,ALL_WHEEL_DRIVE,WAGON,5,LEFT,,0,WAUZ*************,GREY
Audi,A6,2020,3728000,0,245,2.0,GASOLINE,AMT,ALL_WHEEL_DRIVE,SEDAN,4,LEFT,,0,WAUZ*************,SILVER
Audi,A3,2020,1895000,0,150,1.4,GASOLINE,AMT,FORWARD_CONTROL,SEDAN,4,LEFT,,0,WAUZ*************,BLACK
Audi,A6,2020,3892200,0,245,2.0,GASOLINE,AMT,ALL_WHEEL_DRIVE,SEDAN,4,LEFT,,0,WAUZ*************,GREY
Audi,A4,2012,900000,67500,211,2.0,GASOLINE,AMT,ALL_WHEEL_DRIVE,SEDAN,4,LEFT,NOT_BEATEN,1,WAUZ*************,WHITE
Audi,A3,2020,1885400,0,150,1.4,GASOLINE,AMT,FORWARD_CONTROL,SEDAN,4,LEFT,,0,WAUZ*************,WHITE
Audi,A3,2020,1885400,0,150,1.4,GASOLINE,AMT,FORWARD_CONTROL,SEDAN,4,LEFT,,0,WAUZ*************,GREY
Audi,Q3,2020,2974000,0,180,2.0,GASOLINE,AMT,ALL_WHEEL_DRIVE,ALLROAD,5,LEFT,,0,WAUZ*************,RED
Audi,Q8,2019,6998000,9170,249,3.0,DIESEL,AT,ALL_WHEEL_DRIVE,ALLROAD,5,LEFT,NOT_BEATEN,1,XW8Z*************,GREY
Audi,A8,2019,10638000,0,460,4.0,GASOLINE,AT,ALL_WHEEL_DRIVE,SEDAN,4,LEFT,,0,WAUZ*************,BLACK
Audi,Q5,2020,3460000,0,249,2.0,GASOLINE,AMT,ALL_WHEEL_DRIVE,ALLROAD,5,LEFT,,0,WAUZ*************,BLACK
Audi,A4,2012,850000,128843,170,1.8,GASOLINE,CVT,FORWARD_CONTROL,SEDAN,4,LEFT,NOT_BEATEN,1,WAUZ*************,BLACK
Audi,A6,2020,3180000,0,190,2.0,HYBRID,AMT,FORWARD_CONTROL,SEDAN,4,LEFT,,0,WAUZ*************,BLACK
Audi,Q7,2009,799000,109000,326,4.1,DIESEL,AT,ALL_WHEEL_DRIVE,ALLROAD,5,LEFT,NOT_BEATEN,3,WAUZ*************,SILVER
Audi,A4,2008,400000,5000,200,2.0,GASOLINE,CVT,FORWARD_CONTROL,SEDAN,4,RIGHT,NOT_BEATEN,3,WAUZ*************,BLUE
Audi,A8,2020,8415534,0,340,3.0,GASOLINE,AT,ALL_WHEEL_DRIVE,SEDAN,4,LEFT,,0,WAUZ*************,BLACK
Audi,A7,2014,1998000,89683,245,3.0,DIESEL,AMT,ALL_WHEEL_DRIVE,HATCHBACK,5,LEFT,NOT_BEATEN,4,XW8Z*************,WHITE
Audi,A3,2020,1885400,0,150,1.4,GASOLINE,AMT,FORWARD_CONTROL,SEDAN,4,LEFT,,0,WAUZ*************,BLUE
Audi,Q5,2014,1748000,50352,225,2.0,GASOLINE,AT,ALL_WHEEL_DRIVE,ALLROAD,5,LEFT,NOT_BEATEN,3,XW8Z*************,WHITE
Audi,Q7,2020,6500000,0,249,3.0,DIESEL,AT,ALL_WHEEL_DRIVE,ALLROAD,5,LEFT,,0,XW8Z*************,BLUE
Audi,Q7,2009,699000,190000,280,3.6,GASOLINE,AT,ALL_WHEEL_DRIVE,ALLROAD,5,LEFT,NOT_BEATEN,2,WAUZ*************,GREY
Audi,Q5,2015,1579000,67205,225,2.0,GASOLINE,AT,ALL_WHEEL_DRIVE,ALLROAD,5,LEFT,NOT_BEATEN,1,WAUZ*************,BLACK
Audi,A5,2016,2698000,9719,190,2.0,DIESEL,AMT,ALL_WHEEL_DRIVE,COUPE,2,LEFT,NOT_BEATEN,1,WAUZ*************,BROWN
Audi,A6,2004,501600,114046,335,4.2,GASOLINE,AT,ALL_WHEEL_DRIVE,SEDAN,4,LEFT,NOT_BEATEN,2,WAUZ*************,GREY
Audi,A8,2018,10270000,0,460,4.0,GASOLINE,AT,ALL_WHEEL_DRIVE,SEDAN,4,LEFT,,0,WAUZ*************,GREY
Audi,Q3,2018,1950000,8700,180,2.0,GASOLINE,AMT,ALL_WHEEL_DRIVE,ALLROAD,5,LEFT,NOT_BEATEN,1,WAUZ*************,WHITE
Audi,Q5,2020,3460000,0,249,2.0,GASOLINE,AMT,ALL_WHEEL_DRIVE,ALLROAD,5,LEFT,,0,WAUZ*************,GREY
Audi,A5,2020,3800000,0,249,2.0,GASOLINE,AMT,ALL_WHEEL_DRIVE,COUPE,2,LEFT,,0,WAUZ*************,WHITE
Audi,A8,2020,10050636,0,340,3.0,GASOLINE,AT,ALL_WHEEL_DRIVE,SEDAN,4,LEFT,,0,WAUZ*************,BLUE
Audi,A5,2020,3805000,0,249,2.0,GASOLINE,AMT,ALL_WHEEL_DRIVE,COUPE,2,LEFT,,0,XXXX*************,GREY
Audi,Q3,2020,2974000,0,180,2.0,GASOLINE,AMT,ALL_WHEEL_DRIVE,ALLROAD,5,LEFT,,0,WAUZ*************,RED
Audi,A4,2020,2277432,0,150,2.0,GASOLINE,AMT,FORWARD_CONTROL,SEDAN,4,LEFT,,0,WAUZ*************,BLACK
Audi,Q3,2020,3647714,0,180,2.0,GASOLINE,AMT,ALL_WHEEL_DRIVE,ALLROAD,5,LEFT,,0,WAUZ*************,GREY
Audi,A8,2019,7990000,0,460,4.0,GASOLINE,AT,ALL_WHEEL_DRIVE,SEDAN,4,LEFT,,0,WAUZ*************,BLACK
Audi,A3,2014,829000,71000,122,1.4,GASOLINE,AMT,FORWARD_CONTROL,SEDAN,4,LEFT,NOT_BEATEN,2,WAUZ*************,WHITE
Audi,Q8,2019,6998000,9170,249,3.0,DIESEL,AT,ALL_WHEEL_DRIVE,ALLROAD,5,LEFT,NOT_BEATEN,1,XW8Z*************,GREY
Audi,Q5,2014,1748000,50352,225,2.0,GASOLINE,AT,ALL_WHEEL_DRIVE,ALLROAD,5,LEFT,NOT_BEATEN,3,XW8Z*************,WHITE
Audi,A7,2014,1998000,89683,245,3.0,DIESEL,AMT,ALL_WHEEL_DRIVE,HATCHBACK,5,LEFT,NOT_BEATEN,4,XW8Z*************,WHITE
Audi,A5,2016,2698000,9719,190,2.0,DIESEL,AMT,ALL_WHEEL_DRIVE,COUPE,2,LEFT,NOT_BEATEN,1,WAUZ*************,BROWN
Audi,A8,2013,1555000,90000,290,3.0,GASOLINE,AT,ALL_WHEEL_DRIVE,SEDAN,4,LEFT,NOT_BEATEN,2,WAUZ*************,BLACK
Audi,A3,2020,1885400,0,150,1.4,GASOLINE,AMT,FORWARD_CONTROL,SEDAN,4,LEFT,,0,WAUZ*************,GREY
Audi,A4,2020,2277432,0,150,2.0,GASOLINE,AMT,FORWARD_CONTROL,SEDAN,4,LEFT,,0,WAUZ*************,BLACK
Audi,A8,2018,10270000,0,460,4.0,GASOLINE,AT,ALL_WHEEL_DRIVE,SEDAN,4,LEFT,,0,WAUZ*************,GREY
Audi,A8,2019,7590000,0,460,4.0,GASOLINE,AT,ALL_WHEEL_DRIVE,SEDAN,4,LEFT,,0,WAUZ*************,BLACK
Audi,A4,2020,2400000,0,150,2.0,GASOLINE,AMT,FORWARD_CONTROL,SEDAN,4,LEFT,,0,WAUZ*************,WHITE
Audi,Q7,2020,5372400,0,249,3.0,DIESEL,AT,ALL_WHEEL_DRIVE,ALLROAD,5,LEFT,,0,XXXX*************,BLUE
Audi,A4,2020,3060147,0,150,2.0,DIESEL,AMT,FORWARD_CONTROL,SEDAN,4,LEFT,,0,XXXX*************,BLACK
Audi,A8,2011,1149000,147000,372,4.2,GASOLINE,AT,ALL_WHEEL_DRIVE,SEDAN,4,LEFT,NOT_BEATEN,2,WAUZ*************,BLACK
Audi,A6,2020,3728000,0,245,2.0,GASOLINE,AMT,ALL_WHEEL_DRIVE,SEDAN,4,LEFT,,0,WAUZ*************,SILVER
Audi,Q3,2020,3024937,0,180,2.0,GASOLINE,AMT,ALL_WHEEL_DRIVE,ALLROAD,5,LEFT,,0,WAUZ*************,RED
Audi,A4 Allroad Quattro,2020,3599064,0,245,2.0,GASOLINE,AMT,ALL_WHEEL_DRIVE,WAGON,5,LEFT,,0,WAUZ*************,BLUE
Audi,A4,2012,749000,98000,170,1.8,GASOLINE,CVT,FORWARD_CONTROL,SEDAN,4,LEFT,NOT_BEATEN,3,WAUZ*************,BROWN
Audi,A4,2014,1099000,116093,170,1.8,GASOLINE,CVT,FORWARD_CONTROL,SEDAN,4,LEFT,NOT_BEATEN,2,WAUZ*************,GREY
Audi,A6,2020,3728000,0,245,2.0,GASOLINE,AMT,ALL_WHEEL_DRIVE,SEDAN,4,LEFT,,0,WAUZ*************,WHITE
Audi,A3,2020,1895000,0,150,1.4,GASOLINE,AMT,FORWARD_CONTROL,SEDAN,4,LEFT,,0,WAUZ*************,BLACK
Audi,e-tron,2020,7930000,0,408,0.0,ELECTRO,AT,ALL_WHEEL_DRIVE,ALLROAD,5,LEFT,,0,WAUZ*************,RED
Audi,A5,2014,1340000,138458,225,2.0,GASOLINE,AMT,ALL_WHEEL_DRIVE,COUPE,2,LEFT,NOT_BEATEN,2,WAUZ*************,BLUE
Audi,A3,2013,765000,110000,122,1.4,GASOLINE,AMT,FORWARD_CONTROL,SEDAN,4,LEFT,NOT_BEATEN,3,WAUZ*************,WHITE
Audi,A3,2009,440000,188000,102,1.6,GASOLINE,AMT,FORWARD_CONTROL,HATCHBACK,5,LEFT,NOT_BEATEN,3,WAUZ*************,RED
Audi,A3,2020,1895000,0,150,1.4,GASOLINE,AMT,FORWARD_CONTROL,SEDAN,4,LEFT,,0,WAUZ*************,WHITE
Audi,A4,2002,363000,230000,150,1.8,GASOLINE,AT,ALL_WHEEL_DRIVE,SEDAN,4,LEFT,NOT_BEATEN,4,WAUL*************,SILVER
Audi,Q5,2017,2246000,108306,249,2.0,GASOLINE,AMT,ALL_WHEEL_DRIVE,ALLROAD,5,LEFT,NOT_BEATEN,2,WAUZ*************,GREY
Audi,S5,2010,999999,100000,354,4.2,GASOLINE,AT,ALL_WHEEL_DRIVE,COUPE,2,LEFT,NOT_BEATEN,4,WAUZ*************,WHITE
Audi,Q5,2016,2125000,37567,230,2.0,GASOLINE,AT,ALL_WHEEL_DRIVE,ALLROAD,5,LEFT,NOT_BEATEN,1,WAUZ*************,GREY
Audi,Q7,2016,3500000,178000,249,3.0,DIESEL,AT,ALL_WHEEL_DRIVE,ALLROAD,5,LEFT,NOT_BEATEN,2,WAUZ*************,BLACK
Audi,Q3,2020,3148761,0,180,2.0,GASOLINE,AMT,ALL_WHEEL_DRIVE,ALLROAD,5,LEFT,,0,WAUZ*************,BLACK
Audi,R8,2007,2600000,40000,420,4.2,GASOLINE,AMT,ALL_WHEEL_DRIVE,COUPE,2,LEFT,NOT_BEATEN,3,WAUZ*************,BLACK
Audi,A4 Allroad Quattro,2020,3270000,0,245,2.0,GASOLINE,AMT,ALL_WHEEL_DRIVE,WAGON,5,LEFT,,0,WAUZ*************,GREY
Audi,A4 Allroad Quattro,2020,3270000,0,245,2.0,GASOLINE,AMT,ALL_WHEEL_DRIVE,WAGON,5,LEFT,,0,WAUZ*************,WHITE
Audi,Q5,2020,3495000,0,249,2.0,GASOLINE,AMT,ALL_WHEEL_DRIVE,ALLROAD,5,LEFT,,0,WAUZ*************,WHITE
Audi,Q7,2012,1550000,178000,245,3.0,DIESEL,AT,ALL_WHEEL_DRIVE,ALLROAD,5,LEFT,NOT_BEATEN,2,WAUZ*************,BLACK
Audi,Q8,2020,6957600,0,249,3.0,DIESEL,AT,ALL_WHEEL_DRIVE,ALLROAD,5,LEFT,,0,XXXX*************,ORANGE
Audi,A6,1997,150000,300000,165,2.4,GASOLINE,MT,ALL_WHEEL_DRIVE,SEDAN,4,LEFT,NOT_BEATEN,4,WAUZ*************,BLUE
Audi,Q3,2020,3270650,0,180,2.0,GASOLINE,AMT,ALL_WHEEL_DRIVE,ALLROAD,5,LEFT,,0,XXXX*************,RED
Audi,A4 Allroad Quattro,2020,3644000,0,245,2.0,GASOLINE,AMT,ALL_WHEEL_DRIVE,WAGON,5,LEFT,,0,WAUZ*************,GREY
Audi,A6,2014,899990,181000,180,2.0,GASOLINE,CVT,FORWARD_CONTROL,SEDAN,4,LEFT,NOT_BEATEN,2,WAUZ*************,SILVER
Audi,A8,2020,10549603,0,340,3.0,GASOLINE,AT,ALL_WHEEL_DRIVE,SEDAN,4,LEFT,,0,WAUZ*************,BLACK
Audi,Q7,2020,5372400,0,249,3.0,DIESEL,AT,ALL_WHEEL_DRIVE,ALLROAD,5,LEFT,,0,XXXX*************,BLUE
Audi,A4,2007,315000,63000,163,1.8,GASOLINE,CVT,FORWARD_CONTROL,SEDAN,4,LEFT,NOT_BEATEN,2,WAUZ*************,PINK
Audi,A4,2005,385000,209000,130,2.0,GASOLINE,CVT,FORWARD_CONTROL,SEDAN,4,LEFT,NOT_BEATEN,3,WAUZ*************,RED
Audi,A4,2020,2940000,0,190,2.0,GASOLINE,AMT,FORWARD_CONTROL,SEDAN,4,LEFT,,0,WAUZ*************,WHITE
Audi,A6,2020,3747000,0,245,2.0,GASOLINE,AMT,ALL_WHEEL_DRIVE,SEDAN,4,LEFT,,0,WAUZ*************,BLACK
Audi,e-tron,2020,7952400,0,408,0.0,ELECTRO,AT,ALL_WHEEL_DRIVE,ALLROAD,5,LEFT,,0,WAUZ*************,WHITE
Audi,Q8,2020,7222100,0,249,3.0,DIESEL,AT,ALL_WHEEL_DRIVE,ALLROAD,5,LEFT,,0,XXXX*************,BLACK
Audi,A4,2020,2400000,0,150,2.0,GASOLINE,AMT,FORWARD_CONTROL,SEDAN,4,LEFT,,0,WAUZ*************,WHITE
Audi,Q5,2020,3460000,0,249,2.0,GASOLINE,AMT,ALL_WHEEL_DRIVE,ALLROAD,5,LEFT,,0,WAUZ*************,BLACK
Audi,A4,2020,2961256,0,150,2.0,DIESEL,AMT,FORWARD_CONTROL,SEDAN,4,LEFT,,0,XXXX*************,BLUE
Audi,A8,2019,7590000,0,460,4.0,GASOLINE,AT,ALL_WHEEL_DRIVE,SEDAN,4,LEFT,,0,WAUZ*************,BLACK
Audi,Q3 Sportback,2020,2923000,0,150,1.4,GASOLINE,AMT,FORWARD_CONTROL,ALLROAD,5,LEFT,,0,WAUZ*************,BLACK
Audi,Q7,2020,6500000,0,249,3.0,DIESEL,AT,ALL_WHEEL_DRIVE,ALLROAD,5,LEFT,,0,XW8Z*************,BLUE
Audi,Q7,2020,5372400,0,249,3.0,DIESEL,AT,ALL_WHEEL_DRIVE,ALLROAD,5,LEFT,,0,XXXX*************,BLUE
Audi,Q3,2020,2974000,0,180,2.0,GASOLINE,AMT,ALL_WHEEL_DRIVE,ALLROAD,5,LEFT,,0,WAUZ*************,GREY
Audi,A8,2014,2150000,177000,435,4.0,GASOLINE,AT,ALL_WHEEL_DRIVE,SEDAN,4,LEFT,NOT_BEATEN,3,WAUZ*************,BLACK
Audi,A4,2020,2655000,0,150,2.0,GASOLINE,AMT,FORWARD_CONTROL,SEDAN,4,LEFT,,0,WAUZ*************,BLUE
Audi,A4,2020,2389045,0,150,2.0,GASOLINE,AMT,FORWARD_CONTROL,SEDAN,4,LEFT,,0,WAUZ*************,GREY
Audi,A8,2020,10050636,0,340,3.0,GASOLINE,AT,ALL_WHEEL_DRIVE,SEDAN,4,LEFT,,0,WAUZ*************,BLUE
Audi,A4,2020,2275000,0,150,2.0,GASOLINE,AMT,FORWARD_CONTROL,SEDAN,4,LEFT,,0,WAUZ*************,GREY
Audi,A4,2020,3060147,0,150,2.0,DIESEL,AMT,FORWARD_CONTROL,SEDAN,4,LEFT,,0,XXXX*************,BLACK
Audi,A4 Allroad Quattro,2010,888000,186000,211,2.0,GASOLINE,AMT,ALL_WHEEL_DRIVE,WAGON,5,LEFT,NOT_BEATEN,3,WAUZ*************,BLACK
Audi,e-tron,2020,8000600,0,408,0.0,ELECTRO,AT,ALL_WHEEL_DRIVE,ALLROAD,5,LEFT,,0,WAUZ*************,GREY
Audi,A6,2012,799000,164000,180,2.0,GASOLINE,CVT,FORWARD_CONTROL,SEDAN,4,LEFT,NOT_BEATEN,3,WAUZ*************,BLACK
Audi,Q5,2020,3495000,0,249,2.0,GASOLINE,AMT,ALL_WHEEL_DRIVE,ALLROAD,5,LEFT,,0,WAUZ*************,GREY
Audi,A3,2014,949000,89000,110,1.2,GASOLINE,AMT,FORWARD_CONTROL,HATCHBACK,5,LEFT,NOT_BEATEN,2,WAUZ*************,PURPLE
Audi,e-tron,2020,7300011,0,408,0.0,ELECTRO,AT,ALL_WHEEL_DRIVE,ALLROAD,5,LEFT,,0,WAUZ*************,BLUE
Audi,A6,2020,3849000,0,245,2.0,GASOLINE,AMT,ALL_WHEEL_DRIVE,SEDAN,4,LEFT,,0,WAUZ*************,BLACK
Audi,A8,2011,1399000,142000,372,4.2,GASOLINE,AT,ALL_WHEEL_DRIVE,SEDAN,4,LEFT,NOT_BEATEN,2,WAUZ*************,WHITE
Audi,A6,2016,2348000,52742,333,3.0,GASOLINE,AMT,ALL_WHEEL_DRIVE,SEDAN,4,LEFT,NOT_BEATEN,3,WAUZ*************,BLACK
Audi,A4 Allroad Quattro,2020,3408192,0,245,2.0,GASOLINE,AMT,ALL_WHEEL_DRIVE,WAGON,5,LEFT,,0,WAUZ*************,BLACK
Audi,Q7,2008,820000,199000,350,4.2,GASOLINE,AT,ALL_WHEEL_DRIVE,ALLROAD,5,LEFT,NOT_BEATEN,3,WA1B*************,WHITE
Audi,A4,2020,2655000,0,190,2.0,GASOLINE,AMT,FORWARD_CONTROL,SEDAN,4,LEFT,,0,WAUZ*************,GREY
Audi,A6,1999,215000,187000,165,2.4,GASOLINE,AT,FORWARD_CONTROL,SEDAN,4,LEFT,NOT_BEATEN,3,WAUZ*************,BLUE
Audi,A4,2011,650000,108000,120,1.8,GASOLINE,CVT,FORWARD_CONTROL,SEDAN,4,LEFT,NOT_BEATEN,3,WAUZ*************,BLACK
Audi,Q7,2017,4500000,50000,249,3.0,DIESEL,AT,ALL_WHEEL_DRIVE,ALLROAD,5,LEFT,NOT_BEATEN,1,XW8Z*************,BROWN
Audi,Q3 Sportback,2020,3243000,0,150,1.4,GASOLINE,AMT,FORWARD_CONTROL,ALLROAD,5,LEFT,,0,WAUZ*************,GREEN
Audi,Q7,2015,2595000,140170,333,3.0,GASOLINE,AT,ALL_WHEEL_DRIVE,ALLROAD,5,LEFT,NOT_BEATEN,1,WAUZ*************,WHITE
Audi,A8,2012,900000,197000,290,3.0,GASOLINE,AT,ALL_WHEEL_DRIVE,SEDAN,4,LEFT,NOT_BEATEN,2,WAUZ*************,BLACK
Audi,Q7,2012,1500000,167000,245,3.0,DIESEL,AT,ALL_WHEEL_DRIVE,ALLROAD,5,LEFT,NOT_BEATEN,2,WAUZ*************,BROWN
Audi,A4,2020,2275000,0,150,2.0,GASOLINE,AMT,FORWARD_CONTROL,SEDAN,4,LEFT,,0,WAUZ*************,GREY
Audi,A3,2015,880000,170000,125,1.4,GASOLINE,AMT,FORWARD_CONTROL,SEDAN,4,LEFT,NOT_BEATEN,1,WAUZ*************,BLUE
Audi,e-tron,2020,7608650,0,408,0.0,ELECTRO,AT,ALL_WHEEL_DRIVE,ALLROAD,5,LEFT,,0,WAUZ*************,BLACK
Audi,e-tron,2020,6525000,0,408,0.0,ELECTRO,AT,ALL_WHEEL_DRIVE,ALLROAD,5,LEFT,,0,WAUZ*************,GREY
Audi,Q3,2014,1379000,112546,170,2.0,GASOLINE,AMT,ALL_WHEEL_DRIVE,ALLROAD,5,LEFT,NOT_BEATEN,2,WAUZ*************,BLACK
Audi,Q7,2020,6158900,0,249,3.0,DIESEL,AT,ALL_WHEEL_DRIVE,ALLROAD,5,LEFT,,0,XXXX*************,BEIGE
Audi,A4,2006,375000,201000,130,2.0,GASOLINE,CVT,FORWARD_CONTROL,SEDAN,4,LEFT,NOT_BEATEN,4,WAUZ*************,SILVER
Audi,A6 Allroad Quattro,2012,1490000,248000,245,3.0,DIESEL,AMT,ALL_WHEEL_DRIVE,WAGON,5,LEFT,NOT_BEATEN,4,WAUZ*************,BLACK
Audi,Q5,2020,3866515,0,249,2.0,GASOLINE,AMT,ALL_WHEEL_DRIVE,ALLROAD,5,LEFT,,0,WAUZ*************,SILVER
Audi,A6,2020,3899000,0,190,2.0,DIESEL,AMT,FORWARD_CONTROL,SEDAN,4,LEFT,,0,WAUZ*************,BLUE
Audi,A3,2020,1885400,0,150,1.4,GASOLINE,AMT,FORWARD_CONTROL,SEDAN,4,LEFT,,0,WAUZ*************,BLUE
Audi,e-tron,2020,6135000,0,408,0.0,ELECTRO,AT,ALL_WHEEL_DRIVE,ALLROAD,5,LEFT,,0,WAUZ*************,GREY
Audi,e-tron,2020,7558200,0,408,0.0,ELECTRO,AT,ALL_WHEEL_DRIVE,ALLROAD,5,LEFT,,0,WAUZ*************,WHITE
Audi,A4,2020,2562141,0,190,2.0,GASOLINE,AMT,FORWARD_CONTROL,SEDAN,4,LEFT,,0,WAUZ*************,BLACK
Audi,Q3,2014,1240000,145000,170,2.0,GASOLINE,AMT,ALL_WHEEL_DRIVE,ALLROAD,5,LEFT,NOT_BEATEN,1,WAUZ*************,WHITE
Audi,A4,2020,2277432,0,150,2.0,GASOLINE,AMT,FORWARD_CONTROL,SEDAN,4,LEFT,,0,WAUZ*************,BLUE
Audi,Q5,2019,3789400,0,249,2.0,GASOLINE,AMT,ALL_WHEEL_DRIVE,ALLROAD,5,LEFT,,0,WAUZ*************,BLACK
Audi,Q5,2020,3460000,0,249,2.0,GASOLINE,AMT,ALL_WHEEL_DRIVE,ALLROAD,5,LEFT,,0,WAUZ*************,GREY
Audi,Q5,2019,3940000,0,249,2.0,GASOLINE,AMT,ALL_WHEEL_DRIVE,ALLROAD,5,LEFT,,0,WAUZ*************,BLACK
Audi,Q3 Sportback,2020,3152000,0,180,2.0,GASOLINE,AMT,ALL_WHEEL_DRIVE,ALLROAD,5,LEFT,,0,WAUZ*************,BLACK
Audi,A8,2019,7490000,0,460,4.0,GASOLINE,AT,ALL_WHEEL_DRIVE,SEDAN,4,LEFT,,0,WAUZ*************,BLACK
Audi,A5,2020,3805000,0,249,2.0,GASOLINE,AMT,ALL_WHEEL_DRIVE,COUPE,2,LEFT,,0,XXXX*************,GREY
Audi,e-tron,2020,7383281,0,408,0.0,ELECTRO,AT,ALL_WHEEL_DRIVE,ALLROAD,5,LEFT,,0,WAUZ*************,BLUE
Audi,A4,2020,2277432,0,150,2.0,GASOLINE,AMT,FORWARD_CONTROL,SEDAN,4,LEFT,,0,WAUZ*************,BLUE
Audi,Q5,2020,3530292,0,249,2.0,GASOLINE,AMT,ALL_WHEEL_DRIVE,ALLROAD,5,LEFT,,0,WAUZ*************,BLUE
Audi,A6,2020,3803668,0,190,2.0,HYBRID,AMT,FORWARD_CONTROL,SEDAN,4,LEFT,,0,WAUZ*************,WHITE
Audi,Q5,2020,3495000,0,249,2.0,GASOLINE,AMT,ALL_WHEEL_DRIVE,ALLROAD,5,LEFT,,0,WAUZ*************,WHITE
Audi,A8,2019,7590000,0,460,4.0,GASOLINE,AT,ALL_WHEEL_DRIVE,SEDAN,4,LEFT,,0,WAUZ*************,BLACK
Audi,A3,2020,1885400,0,150,1.4,GASOLINE,AMT,FORWARD_CONTROL,SEDAN,4,LEFT,,0,WAUZ*************,GREY
Audi,A3,2012,570000,113000,105,1.2,GASOLINE,AMT,FORWARD_CONTROL,HATCHBACK,5,LEFT,NOT_BEATEN,2,WAUZ*************,WHITE
Audi,Q7,2017,3528000,51383,249,3.0,DIESEL,AT,ALL_WHEEL_DRIVE,ALLROAD,5,LEFT,NOT_BEATEN,1,XW8Z*************,BLACK
Audi,A7,2012,1070000,180000,300,3.0,GASOLINE,AMT,ALL_WHEEL_DRIVE,HATCHBACK,5,LEFT,NOT_BEATEN,3,WAUZ*************,BEIGE
Audi,A6,2008,620000,156666,177,2.4,GASOLINE,CVT,FORWARD_CONTROL,SEDAN,4,LEFT,NOT_BEATEN,3,WAUZ*************,BLACK
Audi,A3,2020,1885400,0,150,1.4,GASOLINE,AMT,FORWARD_CONTROL,SEDAN,4,LEFT,,0,WAUZ*************,WHITE
Audi,A4,2020,2690000,0,190,2.0,GASOLINE,AMT,FORWARD_CONTROL,SEDAN,4,LEFT,,0,WAUZ*************,WHITE
Audi,Q3 Sportback,2020,2994049,0,180,2.0,GASOLINE,AMT,ALL_WHEEL_DRIVE,ALLROAD,5,LEFT,,0,WAUZ*************,BLUE
Audi,A4,2020,2375000,0,150,2.0,GASOLINE,AMT,FORWARD_CONTROL,SEDAN,4,LEFT,,0,WAUZ*************,BLACK
Audi,e-tron,2020,7601551,0,408,0.0,ELECTRO,AT,ALL_WHEEL_DRIVE,ALLROAD,5,LEFT,,0,WAUZ*************,BLUE
Audi,A8,2011,1300000,193000,250,3.0,DIESEL,AT,ALL_WHEEL_DRIVE,SEDAN,4,LEFT,NOT_BEATEN,3,WAUZ*************,BLACK
Audi,A4,2020,2512000,0,150,2.0,GASOLINE,AMT,FORWARD_CONTROL,SEDAN,4,LEFT,,0,WAUZ*************,BLUE
Audi,80,1992,80000,200000,90,2.0,GASOLINE,MT,FORWARD_CONTROL,SEDAN,4,LEFT,BEATEN,3,WAUZ*************,RED
Audi,Q5,2020,3460000,0,249,2.0,GASOLINE,AMT,ALL_WHEEL_DRIVE,ALLROAD,5,LEFT,,0,WAUZ*************,GREY
Audi,e-tron,2020,8000600,0,408,0.0,ELECTRO,AT,ALL_WHEEL_DRIVE,ALLROAD,5,LEFT,,0,WAUZ*************,BLACK
Audi,RS7,2016,4850000,42500,605,4.0,GASOLINE,AT,ALL_WHEEL_DRIVE,HATCHBACK,5,LEFT,NOT_BEATEN,3,MUAZ*************,BLUE
Audi,A3,2020,1885400,0,150,1.4,GASOLINE,AMT,FORWARD_CONTROL,SEDAN,4,LEFT,,0,WAUZ*************,GREY
Audi,A4 Allroad Quattro,2020,4043892,0,245,2.0,GASOLINE,AMT,ALL_WHEEL_DRIVE,WAGON,5,LEFT,,0,WAUZ*************,BLUE
Audi,Q3 Sportback,2020,3152000,0,180,2.0,GASOLINE,AMT,ALL_WHEEL_DRIVE,ALLROAD,5,LEFT,,0,WAUZ*************,BLUE
Audi,A3,2020,1885400,0,150,1.4,GASOLINE,AMT,FORWARD_CONTROL,SEDAN,4,LEFT,,0,WAUZ*************,WHITE
Audi,A4,1995,70000,150000,125,1.8,GASOLINE,MT,FORWARD_CONTROL,SEDAN,4,LEFT,NOT_BEATEN,2,WAUZ*************,VIOLET
Audi,Q5,2020,3508438,0,249,2.0,GASOLINE,AMT,ALL_WHEEL_DRIVE,ALLROAD,5,LEFT,,0,WAUZ*************,GREY
Audi,Q5,2020,3495000,0,249,2.0,GASOLINE,AMT,ALL_WHEEL_DRIVE,ALLROAD,5,LEFT,,0,WAUZ*************,GREY
Audi,A3,2020,1885400,0,150,1.4,GASOLINE,AMT,FORWARD_CONTROL,SEDAN,4,LEFT,,0,WAUZ*************,GREY
Audi,e-tron,2020,7589538,0,408,0.0,ELECTRO,AT,ALL_WHEEL_DRIVE,ALLROAD,5,LEFT,,0,WAUZ*************,GREY
Audi,Q3 Sportback,2020,3152000,0,180,2.0,GASOLINE,AMT,ALL_WHEEL_DRIVE,ALLROAD,5,LEFT,,0,WAUZ*************,BLUE
Audi,S8,2008,800000,197000,450,5.2,GASOLINE,AT,ALL_WHEEL_DRIVE,SEDAN,4,LEFT,NOT_BEATEN,4,WAUZ*************,GREY
Audi,A4,2008,510000,190000,143,2.0,DIESEL,CVT,FORWARD_CONTROL,SEDAN,4,LEFT,NOT_BEATEN,2,WAUZ*************,BLUE
Audi,Q3 Sportback,2020,3150000,0,180,2.0,GASOLINE,AMT,ALL_WHEEL_DRIVE,ALLROAD,5,LEFT,,0,WAUZ*************,SILVER
Audi,A6,2011,890000,220000,180,2.0,GASOLINE,CVT,FORWARD_CONTROL,SEDAN,4,LEFT,NOT_BEATEN,2,WAUZ*************,BLACK
Audi,e-tron,2020,5780000,0,408,0.0,ELECTRO,AT,ALL_WHEEL_DRIVE,ALLROAD,5,LEFT,,0,WAUZ*************,BLUE
Audi,e-tron,2020,7618881,0,408,0.0,ELECTRO,AT,ALL_WHEEL_DRIVE,ALLROAD,5,LEFT,,0,WAUZ*************,BLACK
Audi,e-tron,2020,6525000,0,408,0.0,ELECTRO,AT,ALL_WHEEL_DRIVE,ALLROAD,5,LEFT,,0,WAUZ*************,BLACK
Audi,A3,2020,1885400,0,150,1.4,GASOLINE,AMT,FORWARD_CONTROL,SEDAN,4,LEFT,,0,WAUZ*************,WHITE
Audi,A4,2020,2389045,0,150,2.0,GASOLINE,AMT,FORWARD_CONTROL,SEDAN,4,LEFT,,0,WAUZ*************,GREY
Audi,A6,2004,390000,340000,177,2.4,GASOLINE,CVT,FORWARD_CONTROL,SEDAN,4,LEFT,NOT_BEATEN,4,WAUZ*************,BLACK
Audi,Q5,2012,899000,109366,270,3.2,GASOLINE,AT,ALL_WHEEL_DRIVE,ALLROAD,5,LEFT,NOT_BEATEN,1,WAUZ*************,BROWN
Audi,Q5,2020,3460000,0,249,2.0,GASOLINE,AMT,ALL_WHEEL_DRIVE,ALLROAD,5,LEFT,,0,WAUZ*************,GREY
Audi,S4,2009,600000,140000,333,3.0,GASOLINE,AMT,ALL_WHEEL_DRIVE,SEDAN,4,LEFT,BEATEN,3,WAUZ*************,RED
Audi,A6,2014,1150000,122000,180,2.0,GASOLINE,CVT,FORWARD_CONTROL,SEDAN,4,LEFT,NOT_BEATEN,1,WAUZ*************,WHITE
Audi,Q7,2016,2590000,165500,249,3.0,DIESEL,AT,ALL_WHEEL_DRIVE,ALLROAD,5,LEFT,NOT_BEATEN,2,WAUZ*************,SILVER
Audi,A8,1997,275000,382000,300,4.2,GASOLINE,AT,ALL_WHEEL_DRIVE,SEDAN,4,LEFT,NOT_BEATEN,4,WAUZ*************,SILVER
Audi,A4,2013,875000,100500,170,1.8,GASOLINE,CVT,FORWARD_CONTROL,SEDAN,4,LEFT,NOT_BEATEN,2,WAUZ*************,BLUE
Audi,A6,2003,229000,289000,170,2.4,GASOLINE,CVT,FORWARD_CONTROL,SEDAN,4,LEFT,NOT_BEATEN,4,WAUZ*************,GREY
Audi,Q5,2020,3460000,0,249,2.0,GASOLINE,AMT,ALL_WHEEL_DRIVE,ALLROAD,5,LEFT,,0,WAUZ*************,GREY
Audi,A4,2020,2400000,0,150,2.0,GASOLINE,AMT,FORWARD_CONTROL,SEDAN,4,LEFT,,0,WAUZ*************,BLUE
Audi,A6,2020,3803668,0,190,2.0,HYBRID,AMT,FORWARD_CONTROL,SEDAN,4,LEFT,,0,WAUZ*************,WHITE
Audi,SQ8,2020,12800000,0,422,4.0,DIESEL,AT,ALL_WHEEL_DRIVE,ALLROAD,5,LEFT,,0,WAUZ*************,BLUE
Audi,A4,2010,529000,124000,160,1.8,GASOLINE,CVT,FORWARD_CONTROL,SEDAN,4,LEFT,NOT_BEATEN,3,XW8Z*************,WHITE
Audi,80,1987,42000,200000,75,1.8,GASOLINE,MT,FORWARD_CONTROL,SEDAN,4,LEFT,NOT_BEATEN,2,WAUZ*************,RED
Audi,Q5,2020,3495000,0,249,2.0,GASOLINE,AMT,ALL_WHEEL_DRIVE,ALLROAD,5,LEFT,,0,WAUZ*************,BLUE
Audi,Q5,2020,3495000,0,249,2.0,GASOLINE,AMT,ALL_WHEEL_DRIVE,ALLROAD,5,LEFT,,0,WAUZ*************,SILVER
Audi,A8,2019,9146448,0,249,3.0,DIESEL,AT,ALL_WHEEL_DRIVE,SEDAN,4,LEFT,,0,WAUZ*************,BLACK
Audi,A6,2004,390000,340000,177,2.4,GASOLINE,CVT,FORWARD_CONTROL,SEDAN,4,LEFT,NOT_BEATEN,4,WAUZ*************,BLACK
Audi,e-tron,2020,6525000,0,408,0.0,ELECTRO,AT,ALL_WHEEL_DRIVE,ALLROAD,5,LEFT,,0,WAUZ*************,BLUE
Audi,Q3 Sportback,2020,3152000,0,180,2.0,GASOLINE,AMT,ALL_WHEEL_DRIVE,ALLROAD,5,LEFT,,0,WAUZ*************,BLUE
Audi,e-tron,2020,6525000,0,408,0.0,ELECTRO,AT,ALL_WHEEL_DRIVE,ALLROAD,5,LEFT,,0,WAUZ*************,WHITE
Audi,A4,2020,2700000,0,150,2.0,DIESEL,AMT,FORWARD_CONTROL,SEDAN,4,LEFT,,0,WAUZ*************,GREY
Audi,e-tron,2020,7608500,0,408,0.0,ELECTRO,AT,ALL_WHEEL_DRIVE,ALLROAD,5,LEFT,,0,WAUZ*************,BLACK
Audi,A6,2017,2499000,38000,249,2.0,GASOLINE,AMT,ALL_WHEEL_DRIVE,SEDAN,4,LEFT,NOT_BEATEN,2,WAUZ*************,BLACK
Audi,Q7,2014,1985000,102354,245,3.0,DIESEL,AT,ALL_WHEEL_DRIVE,ALLROAD,5,LEFT,NOT_BEATEN,1,XW8Z*************,BLACK
Audi,Q7,2010,1097000,204651,272,3.0,GASOLINE,AT,ALL_WHEEL_DRIVE,ALLROAD,5,LEFT,NOT_BEATEN,4,XW8Z*************,GREY
Audi,A6,2009,645000,172000,170,2.0,DIESEL,CVT,FORWARD_CONTROL,WAGON,5,LEFT,NOT_BEATEN,1,WAUZ*************,BLACK
Audi,A6,2010,649000,123388,170,2.0,GASOLINE,CVT,FORWARD_CONTROL,SEDAN,4,LEFT,NOT_BEATEN,2,WAUZ*************,BLACK
Audi,e-tron,2020,5780000,0,408,0.0,ELECTRO,AT,ALL_WHEEL_DRIVE,ALLROAD,5,LEFT,,0,WAUZ*************,BLACK
Audi,e-tron,2020,7373500,0,408,0.0,ELECTRO,AT,ALL_WHEEL_DRIVE,ALLROAD,5,LEFT,,0,WAUZ*************,GREY
Audi,A4,2012,997000,128993,170,1.8,GASOLINE,CVT,FORWARD_CONTROL,SEDAN,4,LEFT,NOT_BEATEN,1,WAUZ*************,GREY
Audi,A3,1998,155000,299500,101,1.6,GASOLINE,AT,FORWARD_CONTROL,HATCHBACK,3,LEFT,NOT_BEATEN,4,WAUZ*************,BLUE
Audi,100,1993,185000,291500,137,2.0,GASOLINE,MT,FORWARD_CONTROL,SEDAN,4,LEFT,NOT_BEATEN,4,WAUZ*************,BLUE
Audi,A5,2016,1657000,96000,230,2.0,GASOLINE,AMT,ALL_WHEEL_DRIVE,HATCHBACK,5,LEFT,NOT_BEATEN,2,WAUZ*************,BLUE
Audi,A8,2013,700000,51000,310,3.0,GASOLINE,AT,ALL_WHEEL_DRIVE,SEDAN,4,LEFT,BEATEN,2,XW8Z*************,BLACK
Audi,e-tron,2020,5780000,0,408,0.0,ELECTRO,AT,ALL_WHEEL_DRIVE,ALLROAD,5,LEFT,,0,WAUZ*************,GREY
Audi,A8,2018,7499000,18099,460,4.0,GASOLINE,AT,ALL_WHEEL_DRIVE,SEDAN,4,LEFT,NOT_BEATEN,1,WAUZ*************,BLACK
Audi,e-tron,2020,6595000,0,408,0.0,ELECTRO,AT,ALL_WHEEL_DRIVE,ALLROAD,5,LEFT,,0,WAUZ*************,WHITE
Audi,e-tron,2020,6982581,0,408,0.0,ELECTRO,AT,ALL_WHEEL_DRIVE,ALLROAD,5,LEFT,,0,WAUZ*************,BLUE
Audi,A4,2011,640000,109000,160,1.8,GASOLINE,CVT,FORWARD_CONTROL,SEDAN,4,LEFT,NOT_BEATEN,1,WAUZ*************,BLACK
Audi,A6 Allroad Quattro,2007,430000,212350,255,3.1,GASOLINE,AT,ALL_WHEEL_DRIVE,WAGON,5,LEFT,NOT_BEATEN,4,WAUZ*************,BLACK
Audi,A4,2017,1689000,65655,150,1.4,GASOLINE,AMT,FORWARD_CONTROL,SEDAN,4,LEFT,NOT_BEATEN,4,WAUZ*************,BLACK
Audi,A6,2019,4050000,8000,245,2.0,GASOLINE,AMT,ALL_WHEEL_DRIVE,SEDAN,4,LEFT,NOT_BEATEN,1,WAUZ*************,BROWN
Audi,A3,2015,1179000,105100,125,1.4,GASOLINE,AMT,FORWARD_CONTROL,SEDAN,4,LEFT,NOT_BEATEN,3,WAUZ*************,WHITE
Audi,Q3,2020,2996597,0,180,2.0,GASOLINE,AMT,ALL_WHEEL_DRIVE,ALLROAD,5,LEFT,,0,WAUZ*************,ORANGE
Audi,A3,2020,1885400,0,150,1.4,GASOLINE,AMT,FORWARD_CONTROL,SEDAN,4,LEFT,,0,WAUZ*************,RED
Audi,A3,2020,2016000,0,150,1.4,GASOLINE,AMT,FORWARD_CONTROL,SEDAN,4,LEFT,,0,WAUZ*************,SILVER
Audi,Q5,2017,2519000,49220,249,2.0,GASOLINE,AMT,ALL_WHEEL_DRIVE,ALLROAD,5,LEFT,NOT_BEATEN,3,WAUZ*************,WHITE
Audi,A6,2009,680000,119000,211,2.0,GASOLINE,CVT,FORWARD_CONTROL,SEDAN,4,LEFT,NOT_BEATEN,3,WAUZ*************,BLACK
Audi,A4,2020,2275000,0,150,2.0,GASOLINE,AMT,FORWARD_CONTROL,SEDAN,4,LEFT,,0,WAUZ*************,SILVER
Audi,A3,2020,2016000,0,150,1.4,GASOLINE,AMT,FORWARD_CONTROL,SEDAN,4,LEFT,,0,WAUZ*************,SILVER
Audi,e-tron,2020,7787700,0,408,0.0,ELECTRO,AT,ALL_WHEEL_DRIVE,ALLROAD,5,LEFT,,0,WAUZ*************,GREY
Audi,A3,2013,710000,97000,122,1.4,GASOLINE,AMT,FORWARD_CONTROL,HATCHBACK,5,LEFT,NOT_BEATEN,3,WAUZ*************,BLACK
Audi,Q3,2020,3024937,0,180,2.0,GASOLINE,AMT,ALL_WHEEL_DRIVE,ALLROAD,5,LEFT,,0,WAUZ*************,RED
Audi,A6,2020,3728000,0,245,2.0,GASOLINE,AMT,ALL_WHEEL_DRIVE,SEDAN,4,LEFT,,0,WAUZ*************,WHITE
Audi,A8,2020,8415534,0,340,3.0,GASOLINE,AT,ALL_WHEEL_DRIVE,SEDAN,4,LEFT,,0,WAUZ*************,BLACK
Audi,A3,2009,480000,132000,102,1.6,GASOLINE,AMT,FORWARD_CONTROL,HATCHBACK,5,LEFT,NOT_BEATEN,3,WAUZ*************,BLACK
Audi,A4,2001,360000,180000,170,1.8,GASOLINE,AT,ALL_WHEEL_DRIVE,SEDAN,4,LEFT,NOT_BEATEN,3,WAUL*************,GREY
Audi,RS7,2016,4850000,42500,605,4.0,GASOLINE,AT,ALL_WHEEL_DRIVE,HATCHBACK,5,LEFT,NOT_BEATEN,3,MUAZ*************,BLUE
Audi,A5,2018,2695000,15600,190,2.0,DIESEL,AMT,ALL_WHEEL_DRIVE,COUPE,2,LEFT,NOT_BEATEN,1,WAUZ*************,RED
Audi,e-tron,2020,7608650,0,408,0.0,ELECTRO,AT,ALL_WHEEL_DRIVE,ALLROAD,5,LEFT,,0,WAUZ*************,BLACK
Audi,A6,2009,495000,150000,290,3.0,GASOLINE,AT,ALL_WHEEL_DRIVE,SEDAN,4,LEFT,NOT_BEATEN,3,WAUZ*************,BLACK
Audi,Q3 Sportback,2020,2923000,0,150,1.4,GASOLINE,AMT,FORWARD_CONTROL,ALLROAD,5,LEFT,,0,WAUZ*************,BLACK
Audi,A4,2020,2390473,0,150,2.0,GASOLINE,AMT,FORWARD_CONTROL,SEDAN,4,LEFT,,0,WAUZ*************,WHITE
Audi,Q3 Sportback,2020,3298000,0,180,2.0,GASOLINE,AMT,ALL_WHEEL_DRIVE,ALLROAD,5,LEFT,,0,WAUZ*************,BLACK
Audi,A4,2012,849000,103000,211,2.0,GASOLINE,AMT,ALL_WHEEL_DRIVE,SEDAN,4,LEFT,NOT_BEATEN,2,WAUZ*************,WHITE
Audi,A4 Allroad Quattro,2012,965000,140000,211,2.0,GASOLINE,AT,ALL_WHEEL_DRIVE,WAGON,5,LEFT,NOT_BEATEN,1,WAUZ*************,BLACK
Audi,Q3,2013,1150000,127000,170,2.0,GASOLINE,AMT,ALL_WHEEL_DRIVE,ALLROAD,5,LEFT,NOT_BEATEN,1,WAUZ*************,BROWN
Audi,Q5,2020,3495000,0,249,2.0,GASOLINE,AMT,ALL_WHEEL_DRIVE,ALLROAD,5,LEFT,,0,WAUZ*************,BLACK
Audi,Q7,2007,685000,248000,280,3.6,GASOLINE,AT,ALL_WHEEL_DRIVE,ALLROAD,5,LEFT,NOT_BEATEN,4,WAUZ*************,BLACK
Audi,Q3 Sportback,2020,3018808,0,180,2.0,GASOLINE,AMT,ALL_WHEEL_DRIVE,ALLROAD,5,LEFT,,0,WAUZ*************,BLACK
Audi,Q5,2020,3460000,0,249,2.0,GASOLINE,AMT,ALL_WHEEL_DRIVE,ALLROAD,5,LEFT,,0,WAUZ*************,GREY
Audi,Q5,2016,2197800,75162,180,2.0,GASOLINE,AT,ALL_WHEEL_DRIVE,ALLROAD,5,LEFT,NOT_BEATEN,1,WAUZ*************,WHITE
Audi,SQ8,2020,12350000,0,422,4.0,DIESEL,AT,ALL_WHEEL_DRIVE,ALLROAD,5,LEFT,,0,WAUZ*************,BLUE
Audi,A4,2011,655000,128000,160,1.8,GASOLINE,CVT,FORWARD_CONTROL,SEDAN,4,LEFT,NOT_BEATEN,4,WAUZ*************,BLUE
Audi,A6,2020,3810100,0,245,2.0,GASOLINE,AMT,ALL_WHEEL_DRIVE,SEDAN,4,LEFT,,0,WAUZ*************,BLACK
Audi,e-tron,2020,5780000,0,408,0.0,ELECTRO,AT,ALL_WHEEL_DRIVE,ALLROAD,5,LEFT,,0,WAUZ*************,WHITE
Audi,Q5,2016,2199000,31321,180,2.0,GASOLINE,AT,ALL_WHEEL_DRIVE,ALLROAD,5,LEFT,NOT_BEATEN,3,WAUZ*************,WHITE
Audi,A3,2020,1885400,0,150,1.4,GASOLINE,AMT,FORWARD_CONTROL,SEDAN,4,LEFT,,0,WAUZ*************,BLUE
Audi,e-tron,2020,6595000,0,408,0.0,ELECTRO,AT,ALL_WHEEL_DRIVE,ALLROAD,5,LEFT,,0,WAUZ*************,BLACK
Audi,A6,2020,3728000,0,245,2.0,GASOLINE,AMT,ALL_WHEEL_DRIVE,SEDAN,4,LEFT,,0,WAUZ*************,SILVER
Audi,A3,2020,1885400,0,150,1.4,GASOLINE,AMT,FORWARD_CONTROL,SEDAN,4,LEFT,,0,WAUZ*************,GREY
Audi,A4,2020,2275000,0,150,2.0,GASOLINE,AMT,FORWARD_CONTROL,SEDAN,4,LEFT,,0,WAUZ*************,BLUE
Audi,A4,2020,2320000,0,150,2.0,GASOLINE,AMT,FORWARD_CONTROL,SEDAN,4,LEFT,,0,WAUZ*************,WHITE
Audi,A4,2012,745000,149880,170,1.8,GASOLINE,CVT,FORWARD_CONTROL,SEDAN,4,LEFT,NOT_BEATEN,2,WAUZ*************,WHITE
Audi,A6,2009,635000,145989,290,3.0,GASOLINE,AT,ALL_WHEEL_DRIVE,SEDAN,4,LEFT,NOT_BEATEN,2,WAUZ*************,BLUE
Audi,Q5,2020,3460000,0,249,2.0,GASOLINE,AMT,ALL_WHEEL_DRIVE,ALLROAD,5,LEFT,,0,WAUZ*************,BLACK
Audi,Q5,2020,3574694,0,249,2.0,GASOLINE,AMT,ALL_WHEEL_DRIVE,ALLROAD,5,LEFT,,0,WAUZ*************,BLUE
Audi,A8,2012,1129000,220000,290,3.0,GASOLINE,AT,ALL_WHEEL_DRIVE,SEDAN,4,LEFT,NOT_BEATEN,3,WAUZ*************,BLACK
Audi,A6,2003,290000,187000,170,2.4,GASOLINE,CVT,FORWARD_CONTROL,WAGON,5,LEFT,NOT_BEATEN,3,WAUZ*************,SILVER
Audi,e-tron,2020,7044581,0,408,0.0,ELECTRO,AT,ALL_WHEEL_DRIVE,ALLROAD,5,LEFT,,0,WAUZ*************,BLUE
Audi,A3,2020,1885400,0,150,1.4,GASOLINE,AMT,FORWARD_CONTROL,SEDAN,4,LEFT,,0,WAUZ*************,SILVER
Audi,A4,2020,2275000,0,150,2.0,GASOLINE,AMT,FORWARD_CONTROL,SEDAN,4,LEFT,,0,WAUZ*************,BLACK
Audi,Q5,2020,3460000,0,249,2.0,GASOLINE,AMT,ALL_WHEEL_DRIVE,ALLROAD,5,LEFT,,0,WAUZ*************,WHITE
Audi,A5,2011,599000,112000,160,1.8,GASOLINE,CVT,FORWARD_CONTROL,COUPE,2,LEFT,NOT_BEATEN,4,WAUZ*************,WHITE
Audi,A6,2011,1189000,147759,245,3.0,DIESEL,AMT,ALL_WHEEL_DRIVE,SEDAN,4,LEFT,NOT_BEATEN,4,WAUZ*************,WHITE
Audi,100,1984,40000,300000,90,1.8,GASOLINE,MT,FORWARD_CONTROL,SEDAN,4,LEFT,NOT_BEATEN,4,WAUZ*************,GREEN
Audi,Q7,2018,3650000,6400,252,2.0,GASOLINE,AT,ALL_WHEEL_DRIVE,ALLROAD,5,LEFT,NOT_BEATEN,1,WAUZ*************,BLACK
Audi,Q5,2020,3460000,0,249,2.0,GASOLINE,AMT,ALL_WHEEL_DRIVE,ALLROAD,5,LEFT,,0,WAUZ*************,RED
Audi,Q5,2020,3495000,0,249,2.0,GASOLINE,AMT,ALL_WHEEL_DRIVE,ALLROAD,5,LEFT,,0,WAUZ*************,WHITE
Audi,Q3,2020,3148761,0,180,2.0,GASOLINE,AMT,ALL_WHEEL_DRIVE,ALLROAD,5,LEFT,,0,WAUZ*************,BLACK
Audi,A6,2013,927000,114033,180,2.0,GASOLINE,CVT,FORWARD_CONTROL,SEDAN,4,LEFT,NOT_BEATEN,2,WAUZ*************,BLACK
Audi,Q7,2016,3500000,63687,249,3.0,DIESEL,AT,ALL_WHEEL_DRIVE,ALLROAD,5,LEFT,NOT_BEATEN,1,WAUZ*************,BEIGE
Audi,e-tron,2020,7558048,0,408,0.0,ELECTRO,AT,ALL_WHEEL_DRIVE,ALLROAD,5,LEFT,,0,WAUZ*************,WHITE
Audi,Q5,2020,3810000,0,249,2.0,GASOLINE,AMT,ALL_WHEEL_DRIVE,ALLROAD,5,LEFT,,0,WAUZ*************,BLACK
Audi,A4,2020,2277432,0,150,2.0,GASOLINE,AMT,FORWARD_CONTROL,SEDAN,4,LEFT,,0,WAUZ*************,BLUE
Audi,Q7,2020,5372400,0,249,3.0,DIESEL,AT,ALL_WHEEL_DRIVE,ALLROAD,5,LEFT,,0,XXXX*************,BLUE
Audi,Q5,2011,945000,111000,211,2.0,GASOLINE,AT,ALL_WHEEL_DRIVE,ALLROAD,5,LEFT,NOT_BEATEN,2,WAUZ*************,BLACK
Audi,A5,2012,999000,117203,272,3.0,GASOLINE,AMT,ALL_WHEEL_DRIVE,HATCHBACK,5,LEFT,NOT_BEATEN,3,WAUZ*************,WHITE
Audi,Q5,2020,3495000,0,249,2.0,GASOLINE,AMT,ALL_WHEEL_DRIVE,ALLROAD,5,LEFT,,0,WAUZ*************,WHITE
Audi,Q3,2020,2974000,0,180,2.0,GASOLINE,AMT,ALL_WHEEL_DRIVE,ALLROAD,5,LEFT,,0,WAUZ*************,GREY
Audi,A4,2020,2400000,0,150,2.0,GASOLINE,AMT,FORWARD_CONTROL,SEDAN,4,LEFT,,0,WAUZ*************,BLUE
Audi,A3,2011,490000,107000,105,1.2,GASOLINE,AMT,FORWARD_CONTROL,HATCHBACK,5,LEFT,NOT_BEATEN,2,WAUZ*************,WHITE
Audi,Q5,2011,865000,155000,211,2.0,GASOLINE,AMT,ALL_WHEEL_DRIVE,ALLROAD,5,LEFT,NOT_BEATEN,4,WAUZ*************,WHITE
Audi,A3,2020,1885400,0,150,1.4,GASOLINE,AMT,FORWARD_CONTROL,SEDAN,4,LEFT,,0,WAUZ*************,GREY
Audi,Q5,2020,3495000,0,249,2.0,GASOLINE,AMT,ALL_WHEEL_DRIVE,ALLROAD,5,LEFT,,0,WAUZ*************,WHITE
Audi,Q3 Sportback,2020,3046479,0,180,2.0,GASOLINE,AMT,ALL_WHEEL_DRIVE,ALLROAD,5,LEFT,,0,WAUZ*************,BLUE
Audi,Q5,2020,3495000,0,249,2.0,GASOLINE,AMT,ALL_WHEEL_DRIVE,ALLROAD,5,LEFT,,0,WAUZ*************,WHITE
Audi,A6,2020,4032413,0,190,2.0,DIESEL,AMT,FORWARD_CONTROL,SEDAN,4,LEFT,,0,WAUZ*************,BLACK
Audi,Q7,2012,1510000,112000,245,3.0,DIESEL,AT,ALL_WHEEL_DRIVE,ALLROAD,5,LEFT,NOT_BEATEN,2,WAUZ*************,BLACK
Audi,A4,2010,649000,132000,211,2.0,GASOLINE,AT,ALL_WHEEL_DRIVE,SEDAN,4,LEFT,NOT_BEATEN,3,WAUZ*************,WHITE
Audi,A4,2020,2275000,0,150,2.0,GASOLINE,AMT,FORWARD_CONTROL,SEDAN,4,LEFT,,0,WAUZ*************,BLACK
Audi,A6,2020,3753000,0,245,2.0,GASOLINE,AMT,ALL_WHEEL_DRIVE,SEDAN,4,LEFT,,0,WAUZ*************,SILVER
Audi,Q3,2020,3125000,0,180,2.0,GASOLINE,AMT,ALL_WHEEL_DRIVE,ALLROAD,5,LEFT,,0,WAUZ*************,BLACK
Audi,A3,2012,580000,103000,105,1.2,GASOLINE,AMT,FORWARD_CONTROL,HATCHBACK,5,LEFT,NOT_BEATEN,1,WAUZ*************,WHITE
Audi,A4,2020,3183123,0,190,2.0,GASOLINE,AMT,FORWARD_CONTROL,SEDAN,4,LEFT,,0,XXXX*************,BLACK
Audi,A4,2020,2400000,0,150,2.0,GASOLINE,AMT,FORWARD_CONTROL,SEDAN,4,LEFT,,0,WAUZ*************,GREY
Audi,Q5,2020,3810000,0,249,2.0,GASOLINE,AMT,ALL_WHEEL_DRIVE,ALLROAD,5,LEFT,,0,WAUZ*************,GREY
Audi,A4,2010,735000,101993,211,2.0,GASOLINE,MT,ALL_WHEEL_DRIVE,SEDAN,4,LEFT,NOT_BEATEN,1,WAUZ*************,BLACK
Audi,e-tron,2020,7846900,0,408,0.0,ELECTRO,AT,ALL_WHEEL_DRIVE,ALLROAD,5,LEFT,,0,WAUZ*************,BLACK
Audi,A4,2020,2704104,0,150,2.0,DIESEL,AMT,FORWARD_CONTROL,SEDAN,4,LEFT,,0,XXXX*************,WHITE
Audi,Q5,2020,3810000,0,249,2.0,GASOLINE,AMT,ALL_WHEEL_DRIVE,ALLROAD,5,LEFT,,0,WAUZ*************,GREY
Audi,Q3,2013,999000,95000,170,2.0,GASOLINE,AMT,ALL_WHEEL_DRIVE,ALLROAD,5,LEFT,NOT_BEATEN,2,WAUZ*************,WHITE
Audi,Q5,2020,3460000,0,249,2.0,GASOLINE,AMT,ALL_WHEEL_DRIVE,ALLROAD,5,LEFT,,0,WAUZ*************,WHITE
Audi,e-tron,2020,6135000,0,408,0.0,ELECTRO,AT,ALL_WHEEL_DRIVE,ALLROAD,5,LEFT,,0,WAUZ*************,WHITE
Audi,Q5,2019,3674129,0,249,2.0,GASOLINE,AMT,ALL_WHEEL_DRIVE,ALLROAD,5,LEFT,,0,WAUZ*************,WHITE
Audi,A8,2010,1150070,121120,372,4.2,GASOLINE,AT,ALL_WHEEL_DRIVE,SEDAN,4,LEFT,NOT_BEATEN,2,WAUZ*************,BLACK
Audi,A8,2019,9146448,0,249,3.0,DIESEL,AT,ALL_WHEEL_DRIVE,SEDAN,4,LEFT,,0,WAUZ*************,BLACK
Audi,e-tron,2020,7736781,0,408,0.0,ELECTRO,AT,ALL_WHEEL_DRIVE,ALLROAD,5,LEFT,,0,WAUZ*************,BLUE
Audi,e-tron,2020,7419781,0,408,0.0,ELECTRO,AT,ALL_WHEEL_DRIVE,ALLROAD,5,LEFT,,0,WAUZ*************,BLUE
Audi,e-tron,2020,7852400,0,408,0.0,ELECTRO,AT,ALL_WHEEL_DRIVE,ALLROAD,5,LEFT,,0,WAUZ*************,GREY
Audi,Q7,2006,759000,312241,233,3.0,DIESEL,AT,ALL_WHEEL_DRIVE,ALLROAD,5,LEFT,NOT_BEATEN,2,WAUZ*************,GREY
Audi,e-tron,2020,7383281,0,408,0.0,ELECTRO,AT,ALL_WHEEL_DRIVE,ALLROAD,5,LEFT,,0,WAUZ*************,BLUE
Audi,Q5,2011,999000,113000,211,2.0,GASOLINE,AT,ALL_WHEEL_DRIVE,ALLROAD,5,LEFT,NOT_BEATEN,2,WAUZ*************,WHITE
Audi,Q5,2020,3460000,0,249,2.0,GASOLINE,AMT,ALL_WHEEL_DRIVE,ALLROAD,5,LEFT,,0,WAUZ*************,GREY
Audi,A4,2020,3361000,0,249,2.0,GASOLINE,AMT,ALL_WHEEL_DRIVE,SEDAN,4,LEFT,,0,WAUZ*************,BLUE
Audi,A4,2020,2276004,0,150,2.0,GASOLINE,AMT,FORWARD_CONTROL,SEDAN,4,LEFT,,0,WAUZ*************,BLUE
Audi,Q3,2012,899000,89000,170,2.0,GASOLINE,AMT,ALL_WHEEL_DRIVE,ALLROAD,5,LEFT,NOT_BEATEN,2,WAUZ*************,ORANGE
Audi,A4,2020,2961256,0,150,2.0,DIESEL,AMT,FORWARD_CONTROL,SEDAN,4,LEFT,,0,XXXX*************,BLACK
Audi,A1,2014,840000,54000,122,1.4,GASOLINE,AMT,FORWARD_CONTROL,HATCHBACK,5,LEFT,NOT_BEATEN,2,WAUZ*************,WHITE
Audi,A4,2020,2940000,0,190,2.0,GASOLINE,AMT,FORWARD_CONTROL,SEDAN,4,LEFT,,0,WAUZ*************,WHITE
Audi,A3,2020,1885400,0,150,1.4,GASOLINE,AMT,FORWARD_CONTROL,SEDAN,4,LEFT,,0,WAUZ*************,WHITE
Audi,A6,2009,680000,119000,211,2.0,GASOLINE,CVT,FORWARD_CONTROL,SEDAN,4,LEFT,NOT_BEATEN,3,WAUZ*************,BLACK
Audi,Q3 Sportback,2020,3018808,0,180,2.0,GASOLINE,AMT,ALL_WHEEL_DRIVE,ALLROAD,5,LEFT,,0,WAUZ*************,BLACK
Audi,A3,2020,2173000,0,150,1.4,GASOLINE,AMT,FORWARD_CONTROL,SEDAN,4,LEFT,,0,WAUZ*************,GREY
Audi,Q3 Sportback,2020,2974000,0,150,1.4,GASOLINE,AMT,FORWARD_CONTROL,ALLROAD,5,LEFT,,0,WAUZ*************,GREY
Audi,A4,2020,2275000,0,150,2.0,GASOLINE,AMT,FORWARD_CONTROL,SEDAN,4,LEFT,,0,WAUZ*************,SILVER
Audi,Q5,2020,3495000,0,249,2.0,GASOLINE,AMT,ALL_WHEEL_DRIVE,ALLROAD,5,LEFT,,0,WAUZ*************,WHITE
Audi,Q5,2019,3789400,0,249,2.0,GASOLINE,AMT,ALL_WHEEL_DRIVE,ALLROAD,5,LEFT,,0,WAUZ*************,BLACK
Audi,Q7,2009,799000,109000,326,4.1,DIESEL,AT,ALL_WHEEL_DRIVE,ALLROAD,5,LEFT,NOT_BEATEN,3,WAUZ*************,SILVER
Audi,A4,2020,2590000,0,190,2.0,GASOLINE,AMT,FORWARD_CONTROL,SEDAN,4,LEFT,,0,WAUZ*************,BLUE
Audi,A4,2020,2275000,0,150,2.0,GASOLINE,AMT,FORWARD_CONTROL,SEDAN,4,LEFT,,0,WAUZ*************,WHITE
Audi,Q5,2020,3495000,0,249,2.0,GASOLINE,AMT,ALL_WHEEL_DRIVE,ALLROAD,5,LEFT,,0,WAUZ*************,BLACK
Audi,A4,2020,3060147,0,150,2.0,DIESEL,AMT,FORWARD_CONTROL,SEDAN,4,LEFT,,0,XXXX*************,WHITE
Audi,A4,2020,2590000,0,190,2.0,GASOLINE,AMT,FORWARD_CONTROL,SEDAN,4,LEFT,,0,WAUZ*************,WHITE
Audi,A4,2020,2704103,0,150,2.0,DIESEL,AMT,FORWARD_CONTROL,SEDAN,4,LEFT,,0,XXXX*************,BLACK
Audi,Q5,2020,3810000,0,249,2.0,GASOLINE,AMT,ALL_WHEEL_DRIVE,ALLROAD,5,LEFT,,0,WAUZ*************,WHITE
Audi,A4,2014,1365900,89962,225,2.0,GASOLINE,AMT,ALL_WHEEL_DRIVE,SEDAN,4,LEFT,NOT_BEATEN,2,WAUZ*************,GREY
Audi,A3,2020,1885400,0,150,1.4,GASOLINE,AMT,FORWARD_CONTROL,SEDAN,4,LEFT,,0,WAUZ*************,WHITE
Audi,Q5,2020,3460000,0,249,2.0,GASOLINE,AMT,ALL_WHEEL_DRIVE,ALLROAD,5,LEFT,,0,WAUZ*************,GREY
Audi,A4,2020,3253400,0,249,2.0,GASOLINE,AMT,ALL_WHEEL_DRIVE,SEDAN,4,LEFT,,0,WAUZ*************,BLACK
Audi,A6,2020,3803668,0,190,2.0,HYBRID,AMT,FORWARD_CONTROL,SEDAN,4,LEFT,,0,WAUZ*************,WHITE
Audi,A4,2020,2900000,0,190,2.0,GASOLINE,AMT,FORWARD_CONTROL,SEDAN,4,LEFT,,0,XXXX*************,WHITE
Audi,A4,2020,2275000,0,150,2.0,GASOLINE,AMT,FORWARD_CONTROL,SEDAN,4,LEFT,,0,WAUZ*************,SILVER
Audi,A4,2020,2389045,0,150,2.0,GASOLINE,AMT,FORWARD_CONTROL,SEDAN,4,LEFT,,0,WAUZ*************,GREY
Audi,Q7,2010,1150000,175000,350,4.2,GASOLINE,AT,ALL_WHEEL_DRIVE,ALLROAD,5,LEFT,NOT_BEATEN,2,XW8Z*************,SILVER
Audi,A4,2017,1617000,48923,150,1.4,GASOLINE,AMT,FORWARD_CONTROL,SEDAN,4,LEFT,NOT_BEATEN,1,WAUZ*************,BLACK
Audi,Q5,2020,3460000,0,249,2.0,GASOLINE,AMT,ALL_WHEEL_DRIVE,ALLROAD,5,LEFT,,0,WAUZ*************,BLUE
Audi,Q3 Sportback,2020,3018808,0,180,2.0,GASOLINE,AMT,ALL_WHEEL_DRIVE,ALLROAD,5,LEFT,,0,WAUZ*************,BLACK
Audi,Q8,2020,6869600,0,249,3.0,DIESEL,AT,ALL_WHEEL_DRIVE,ALLROAD,5,LEFT,,0,XXXX*************,BLACK
Audi,Q7,2016,2590000,165500,249,3.0,DIESEL,AT,ALL_WHEEL_DRIVE,ALLROAD,5,LEFT,NOT_BEATEN,2,WAUZ*************,SILVER
Audi,Q3,2013,899000,99115,170,2.0,GASOLINE,AMT,ALL_WHEEL_DRIVE,ALLROAD,5,LEFT,NOT_BEATEN,2,WAUZ*************,GREY
Audi,A4,2020,2276004,0,150,2.0,GASOLINE,AMT,FORWARD_CONTROL,SEDAN,4,LEFT,,0,WAUZ*************,GREY
Audi,Q5,2020,3495000,0,249,2.0,GASOLINE,AMT,ALL_WHEEL_DRIVE,ALLROAD,5,LEFT,,0,WAUZ*************,WHITE
Audi,A4,2020,2320000,0,150,2.0,GASOLINE,AMT,FORWARD_CONTROL,SEDAN,4,LEFT,,0,WAUZ*************,BLUE
Audi,e-tron,2020,7305300,0,408,0.0,ELECTRO,AT,ALL_WHEEL_DRIVE,ALLROAD,5,LEFT,,0,WAUZ*************,BLUE
Audi,A4,2020,2961256,0,150,2.0,DIESEL,AMT,FORWARD_CONTROL,SEDAN,4,LEFT,,0,XXXX*************,BLUE
Audi,Q5,2020,3495000,0,249,2.0,GASOLINE,AMT,ALL_WHEEL_DRIVE,ALLROAD,5,LEFT,,0,WAUZ*************,SILVER
Audi,Q5,2020,3495000,0,249,2.0,GASOLINE,AMT,ALL_WHEEL_DRIVE,ALLROAD,5,LEFT,,0,WAUZ*************,BLUE
Audi,A6,2020,3728000,0,245,2.0,GASOLINE,AMT,ALL_WHEEL_DRIVE,SEDAN,4,LEFT,,0,WAUZ*************,BLACK
Audi,Q5,2020,3460000,0,249,2.0,GASOLINE,AMT,ALL_WHEEL_DRIVE,ALLROAD,5,LEFT,,0,WAUZ*************,BLACK
Audi,A3,2020,2016000,0,150,1.4,GASOLINE,AMT,FORWARD_CONTROL,SEDAN,4,LEFT,,0,WAUZ*************,WHITE
Audi,e-tron,2020,7347700,0,408,0.0,ELECTRO,AT,ALL_WHEEL_DRIVE,ALLROAD,5,LEFT,,0,WAUZ*************,BLACK
Audi,A3,2016,1145000,110500,150,1.4,GASOLINE,AMT,FORWARD_CONTROL,SEDAN,4,LEFT,NOT_BEATEN,2,WAUZ*************,BLACK
Audi,Q5,2020,3495000,0,249,2.0,GASOLINE,AMT,ALL_WHEEL_DRIVE,ALLROAD,5,LEFT,,0,WAUZ*************,WHITE
Audi,Q5,2012,879000,90000,211,2.0,GASOLINE,AMT,ALL_WHEEL_DRIVE,ALLROAD,5,LEFT,NOT_BEATEN,3,WAUZ*************,BLACK
Audi,A4 Allroad Quattro,2020,3768000,0,245,2.0,GASOLINE,AMT,ALL_WHEEL_DRIVE,WAGON,5,LEFT,,0,WAUZ*************,GREY
Audi,A3,2018,1300000,53650,150,1.4,GASOLINE,AMT,FORWARD_CONTROL,SEDAN,4,LEFT,NOT_BEATEN,1,WAUZ*************,BLACK
Audi,A4 Allroad Quattro,2020,3595000,0,245,2.0,GASOLINE,AMT,ALL_WHEEL_DRIVE,WAGON,5,LEFT,,0,WAUZ*************,WHITE
Audi,A6,2011,669000,123747,190,2.8,GASOLINE,CVT,FORWARD_CONTROL,SEDAN,4,LEFT,NOT_BEATEN,3,WAUZ*************,BLACK
Audi,A4,2020,2400000,0,150,2.0,GASOLINE,AMT,FORWARD_CONTROL,SEDAN,4,LEFT,,0,WAUZ*************,BLUE
Audi,A4,2015,1399000,97500,190,2.0,GASOLINE,AMT,FORWARD_CONTROL,SEDAN,4,LEFT,NOT_BEATEN,1,WAUZ*************,WHITE
Audi,Q3,2019,2974000,0,150,1.4,GASOLINE,AMT,FORWARD_CONTROL,ALLROAD,5,LEFT,,0,WAUZ*************,BLACK
Audi,A5,2018,2695000,15600,190,2.0,DIESEL,AMT,ALL_WHEEL_DRIVE,COUPE,2,LEFT,NOT_BEATEN,1,WAUZ*************,RED
Audi,A6,2000,275000,260000,150,2.5,DIESEL,AT,FORWARD_CONTROL,SEDAN,4,LEFT,NOT_BEATEN,2,WAUZ*************,BLACK
Audi,A3,2020,1885400,0,150,1.4,GASOLINE,AMT,FORWARD_CONTROL,SEDAN,4,LEFT,,0,WAUZ*************,BLUE
Audi,Q3,2019,2974000,0,150,1.4,GASOLINE,AMT,FORWARD_CONTROL,ALLROAD,5,LEFT,,0,WAUZ*************,BLACK
Audi,A6,2009,680000,119000,211,2.0,GASOLINE,CVT,FORWARD_CONTROL,SEDAN,4,LEFT,NOT_BEATEN,3,WAUZ*************,BLACK
Audi,Q5,2012,919000,110000,211,2.0,GASOLINE,AMT,ALL_WHEEL_DRIVE,ALLROAD,5,LEFT,NOT_BEATEN,1,WAUZ*************,WHITE
Audi,A4,2012,825000,114000,120,1.8,GASOLINE,CVT,FORWARD_CONTROL,SEDAN,4,LEFT,NOT_BEATEN,1,WAUZ*************,WHITE
Audi,A8,2019,7590000,0,460,4.0,GASOLINE,AT,ALL_WHEEL_DRIVE,SEDAN,4,LEFT,,0,WAUZ*************,BLACK
Audi,A3,2020,1885400,0,150,1.4,GASOLINE,AMT,FORWARD_CONTROL,SEDAN,4,LEFT,,0,WAUZ*************,WHITE
Audi,A4,2014,1365900,89962,225,2.0,GASOLINE,AMT,ALL_WHEEL_DRIVE,SEDAN,4,LEFT,NOT_BEATEN,2,WAUZ*************,GREY
Audi,A6,2013,927000,114033,180,2.0,GASOLINE,CVT,FORWARD_CONTROL,SEDAN,4,LEFT,NOT_BEATEN,2,WAUZ*************,BLACK
Audi,100,1987,40000,511110,115,2.0,GASOLINE,MT,FORWARD_CONTROL,SEDAN,4,LEFT,BEATEN,3,WAUZ*************,WHITE
Audi,A3,2020,1885900,0,150,1.4,GASOLINE,AMT,FORWARD_CONTROL,SEDAN,4,LEFT,,0,WAUZ*************,GREY
Audi,Q5,2017,2519000,49220,249,2.0,GASOLINE,AMT,ALL_WHEEL_DRIVE,ALLROAD,5,LEFT,NOT_BEATEN,3,WAUZ*************,WHITE
Audi,Q7,2007,799000,202000,350,4.2,GASOLINE,AT,ALL_WHEEL_DRIVE,ALLROAD,5,LEFT,NOT_BEATEN,1,WAUZ*************,BLACK
Audi,A6,2014,1150000,122000,180,2.0,GASOLINE,CVT,FORWARD_CONTROL,SEDAN,4,LEFT,NOT_BEATEN,1,WAUZ*************,WHITE
Audi,A4,2020,2600000,0,150,2.0,GASOLINE,AMT,FORWARD_CONTROL,SEDAN,4,LEFT,,0,WAUZ*************,WHITE
Audi,Q7,2013,1449000,83250,245,3.0,DIESEL,AT,ALL_WHEEL_DRIVE,ALLROAD,5,LEFT,NOT_BEATEN,3,WAUZ*************,GREY
Audi,Q3,2015,1577777,49227,180,2.0,GASOLINE,AMT,ALL_WHEEL_DRIVE,ALLROAD,5,LEFT,NOT_BEATEN,3,WAUZ*************,BROWN
Audi,A6,2008,547000,165220,140,2.0,DIESEL,CVT,FORWARD_CONTROL,SEDAN,4,LEFT,NOT_BEATEN,3,WAUZ*************,BLUE
Audi,Q5,2011,860000,136000,211,2.0,GASOLINE,AMT,ALL_WHEEL_DRIVE,ALLROAD,5,LEFT,NOT_BEATEN,1,WAUZ*************,WHITE
Audi,A5,2011,719000,108020,211,2.0,GASOLINE,AMT,ALL_WHEEL_DRIVE,COUPE,2,LEFT,NOT_BEATEN,3,WAUZ*************,WHITE
Audi,Q7,2008,665000,528123,350,4.2,GASOLINE,AT,ALL_WHEEL_DRIVE,ALLROAD,5,LEFT,NOT_BEATEN,1,WAUZ*************,GREY
Audi,A5,2010,899000,102000,211,2.0,GASOLINE,AMT,ALL_WHEEL_DRIVE,HATCHBACK,5,LEFT,NOT_BEATEN,2,WAUZ*************,BLACK
Audi,Q7,2015,2587500,212700,249,3.0,DIESEL,AT,ALL_WHEEL_DRIVE,ALLROAD,5,LEFT,NOT_BEATEN,2,WAUZ*************,BEIGE
Audi,Q7,2009,799000,109000,326,4.1,DIESEL,AT,ALL_WHEEL_DRIVE,ALLROAD,5,LEFT,NOT_BEATEN,3,WAUZ*************,SILVER
Audi,Q5,2012,1120000,154781,211,2.0,GASOLINE,AT,ALL_WHEEL_DRIVE,ALLROAD,5,LEFT,NOT_BEATEN,3,WAUZ*************,BROWN
Audi,A3,2012,815000,82000,180,1.8,GASOLINE,AMT,FORWARD_CONTROL,HATCHBACK,3,LEFT,NOT_BEATEN,1,WAUZ*************,WHITE
Audi,A4,2015,1045000,143110,120,1.8,GASOLINE,CVT,FORWARD_CONTROL,SEDAN,4,LEFT,NOT_BEATEN,3,WAUZ*************,BLACK
Audi,Q3,2012,1015000,125000,170,2.0,GASOLINE,AMT,ALL_WHEEL_DRIVE,ALLROAD,5,LEFT,NOT_BEATEN,2,WAUZ*************,WHITE
Audi,A5,2009,675000,143500,180,2.0,GASOLINE,CVT,FORWARD_CONTROL,COUPE,2,LEFT,NOT_BEATEN,3,WAUZ*************,WHITE
Audi,A6,2009,680000,119000,211,2.0,GASOLINE,CVT,FORWARD_CONTROL,SEDAN,4,LEFT,NOT_BEATEN,3,WAUZ*************,BLACK
Audi,A6,2017,1550000,123000,190,1.8,GASOLINE,AMT,FORWARD_CONTROL,SEDAN,4,LEFT,NOT_BEATEN,1,WAUZ*************,BLACK
Audi,A6,2009,600000,233500,290,3.0,GASOLINE,AT,ALL_WHEEL_DRIVE,SEDAN,4,LEFT,NOT_BEATEN,3,WAUZ*************,BLACK
Audi,Q5,2013,1195000,140000,225,2.0,GASOLINE,AT,ALL_WHEEL_DRIVE,ALLROAD,5,LEFT,NOT_BEATEN,4,XW8Z*************,WHITE
Audi,A4,2008,450000,293531,140,2.0,DIESEL,CVT,FORWARD_CONTROL,WAGON,5,LEFT,NOT_BEATEN,3,WAUZ*************,BLACK
Audi,A5,2013,1000000,133000,170,1.8,GASOLINE,CVT,FORWARD_CONTROL,HATCHBACK,5,LEFT,NOT_BEATEN,2,WAUZ*************,WHITE
Audi,A6,2010,595000,220000,170,2.0,GASOLINE,CVT,FORWARD_CONTROL,SEDAN,4,LEFT,NOT_BEATEN,4,WAUZ*************,WHITE
Audi,A3,2004,350000,176000,102,1.6,GASOLINE,AT,FORWARD_CONTROL,HATCHBACK,3,LEFT,NOT_BEATEN,3,WAUZ*************,GREY
Audi,Q5,2010,929000,77115,211,2.0,GASOLINE,AMT,ALL_WHEEL_DRIVE,ALLROAD,5,LEFT,NOT_BEATEN,2,WAUZ*************,WHITE
Audi,Q5,2017,3100000,33000,249,2.0,GASOLINE,AMT,ALL_WHEEL_DRIVE,ALLROAD,5,LEFT,NOT_BEATEN,2,WAUZ*************,BLUE
Audi,Q3,2019,2974000,0,150,1.4,GASOLINE,AMT,FORWARD_CONTROL,ALLROAD,5,LEFT,,0,WAUZ*************,BLACK
Audi,A8,2019,7590000,0,460,4.0,GASOLINE,AT,ALL_WHEEL_DRIVE,SEDAN,4,LEFT,,0,WAUZ*************,BLACK
Audi,A6,2014,1150000,122000,180,2.0,GASOLINE,CVT,FORWARD_CONTROL,SEDAN,4,LEFT,NOT_BEATEN,1,WAUZ*************,WHITE
Audi,A4,2020,2781028,0,150,2.0,GASOLINE,AMT,FORWARD_CONTROL,SEDAN,4,LEFT,,0,WAUZ*************,WHITE
Audi,Q5,2020,3460000,0,249,2.0,GASOLINE,AMT,ALL_WHEEL_DRIVE,ALLROAD,5,LEFT,,0,WAUZ*************,GREY
Audi,A3,2020,1885900,0,150,1.4,GASOLINE,AMT,FORWARD_CONTROL,SEDAN,4,LEFT,,0,WAUZ*************,GREY
Audi,Q7,2017,4500000,50000,249,3.0,DIESEL,AT,ALL_WHEEL_DRIVE,ALLROAD,5,LEFT,NOT_BEATEN,1,XW8Z*************,BROWN
Audi,A6,2009,680000,119000,211,2.0,GASOLINE,CVT,FORWARD_CONTROL,SEDAN,4,LEFT,NOT_BEATEN,3,WAUZ*************,BLACK
Audi,A8,2011,1075000,158000,290,3.0,GASOLINE,AT,ALL_WHEEL_DRIVE,SEDAN,4,LEFT,NOT_BEATEN,4,WAUZ*************,BLACK
Audi,A6,2011,850000,177000,300,3.0,GASOLINE,AMT,ALL_WHEEL_DRIVE,SEDAN,4,LEFT,NOT_BEATEN,3,WAUZ*************,BLACK
Audi,R8,2012,3650000,93000,525,5.2,GASOLINE,AMT,ALL_WHEEL_DRIVE,COUPE,2,LEFT,NOT_BEATEN,3,WUAZ*************,GREY
Audi,A4,2009,750000,127000,211,2.0,GASOLINE,CVT,FORWARD_CONTROL,SEDAN,4,LEFT,NOT_BEATEN,3,WAUZ*************,GREY
Audi,A4,2020,2781028,0,150,2.0,GASOLINE,AMT,FORWARD_CONTROL,SEDAN,4,LEFT,,0,WAUZ*************,WHITE
Audi,e-tron,2020,6595000,0,408,0.0,ELECTRO,AT,ALL_WHEEL_DRIVE,ALLROAD,5,LEFT,,0,WAUZ*************,BLUE
Audi,A6,2015,1398000,130178,220,2.8,GASOLINE,AMT,ALL_WHEEL_DRIVE,SEDAN,4,LEFT,NOT_BEATEN,4,WAUZ*************,GREY
Audi,A6,2008,850000,179103,239,3.0,DIESEL,AT,ALL_WHEEL_DRIVE,SEDAN,4,LEFT,NOT_BEATEN,3,WAUZ*************,GREY
Audi,Q5,2009,800000,221305,211,2.0,GASOLINE,AT,ALL_WHEEL_DRIVE,ALLROAD,5,LEFT,NOT_BEATEN,4,WAUZ*************,BLACK
Audi,A4,2020,3073433,0,150,2.0,GASOLINE,AMT,FORWARD_CONTROL,SEDAN,4,LEFT,,0,WAUZ*************,WHITE
Audi,A6,2008,940000,254000,239,3.0,DIESEL,AT,ALL_WHEEL_DRIVE,SEDAN,4,LEFT,NOT_BEATEN,3,WAUZ*************,SILVER
Audi,A4,2013,859000,137082,170,1.8,GASOLINE,MT,ALL_WHEEL_DRIVE,SEDAN,4,LEFT,NOT_BEATEN,3,WAUZ*************,BLUE
Audi,A4,2010,635000,102000,160,1.8,GASOLINE,CVT,FORWARD_CONTROL,SEDAN,4,LEFT,NOT_BEATEN,2,WAUZ*************,BROWN
Audi,A5,2013,1350000,85000,170,1.8,GASOLINE,CVT,FORWARD_CONTROL,HATCHBACK,5,LEFT,NOT_BEATEN,2,WAUZ*************,WHITE
Audi,A6,2014,1149000,153989,180,2.0,GASOLINE,CVT,FORWARD_CONTROL,SEDAN,4,LEFT,NOT_BEATEN,1,WAUZ*************,WHITE
Audi,Q7,2014,1899000,201437,245,3.0,DIESEL,AT,ALL_WHEEL_DRIVE,ALLROAD,5,LEFT,NOT_BEATEN,2,XW8Z*************,WHITE
Audi,A8,2019,6485000,15659,340,3.0,GASOLINE,AT,ALL_WHEEL_DRIVE,SEDAN,4,LEFT,NOT_BEATEN,1,WAUZ*************,BLACK
Audi,A8,2019,6700000,25340,249,3.0,DIESEL,AT,ALL_WHEEL_DRIVE,SEDAN,4,LEFT,NOT_BEATEN,1,WAUZ*************,BLACK
Audi,A8,2011,949000,199627,290,3.0,GASOLINE,AT,ALL_WHEEL_DRIVE,SEDAN,4,LEFT,NOT_BEATEN,1,WAUZ*************,BLACK
Audi,A7,2015,2990000,45800,243,3.0,DIESEL,AT,ALL_WHEEL_DRIVE,HATCHBACK,5,LEFT,NOT_BEATEN,2,WAUZ*************,GREY
Audi,S6,1996,100000,620000,230,2.2,GASOLINE,MT,ALL_WHEEL_DRIVE,SEDAN,4,LEFT,NOT_BEATEN,3,WAUZ*************,BLACK
Audi,A6,2005,483000,285000,255,3.1,GASOLINE,AT,ALL_WHEEL_DRIVE,SEDAN,4,LEFT,NOT_BEATEN,3,WAUZ*************,BLACK
Audi,A6,2004,250000,274000,130,2.0,GASOLINE,MT,FORWARD_CONTROL,WAGON,5,LEFT,NOT_BEATEN,3,WAUZ*************,GREY
Audi,Q5,2020,3495000,0,249,2.0,GASOLINE,AMT,ALL_WHEEL_DRIVE,ALLROAD,5,LEFT,,0,WAUZ*************,BLUE
Audi,A3,2020,1835000,13874,150,1.4,GASOLINE,AMT,FORWARD_CONTROL,SEDAN,4,LEFT,NOT_BEATEN,2,WAUZ*************,BLUE
Audi,A4,2020,2375000,0,150,2.0,GASOLINE,AMT,FORWARD_CONTROL,SEDAN,4,LEFT,,0,WAUZ*************,BLUE
Audi,A4,2008,520000,259301,160,1.8,GASOLINE,CVT,FORWARD_CONTROL,SEDAN,4,LEFT,NOT_BEATEN,3,WAUZ*************,GREY
Audi,A6,2017,2270000,46817,249,2.0,GASOLINE,AMT,ALL_WHEEL_DRIVE,SEDAN,4,LEFT,NOT_BEATEN,2,WAUZ*************,BLACK
Audi,e-tron,2020,7516300,0,408,0.0,ELECTRO,AT,ALL_WHEEL_DRIVE,ALLROAD,5,LEFT,,0,WAUZ*************,BLUE
Audi,A8,2000,320000,234924,310,4.2,GASOLINE,AT,ALL_WHEEL_DRIVE,SEDAN,4,LEFT,NOT_BEATEN,4,WAUZ*************,BLACK
Audi,Q5,2020,3495000,0,249,2.0,GASOLINE,AMT,ALL_WHEEL_DRIVE,ALLROAD,5,LEFT,,0,WAUZ*************,WHITE
Audi,S4,2007,670000,140000,344,4.2,GASOLINE,AT,ALL_WHEEL_DRIVE,SEDAN,4,LEFT,NOT_BEATEN,4,WAUZ*************,SILVER
Audi,Q7,2009,799000,109000,326,4.1,DIESEL,AT,ALL_WHEEL_DRIVE,ALLROAD,5,LEFT,NOT_BEATEN,3,WAUZ*************,SILVER
Audi,A4 Allroad Quattro,2020,3270000,0,245,2.0,GASOLINE,AMT,ALL_WHEEL_DRIVE,WAGON,5,LEFT,,0,WAUZ*************,GREY
Audi,A4,2020,3060147,0,150,2.0,DIESEL,AMT,FORWARD_CONTROL,SEDAN,4,LEFT,,0,XXXX*************,BLACK
Audi,A4,2001,360000,241142,130,2.0,GASOLINE,CVT,FORWARD_CONTROL,SEDAN,4,LEFT,NOT_BEATEN,3,WAUZ*************,RED
Audi,A5,2013,1150000,106000,170,1.8,GASOLINE,CVT,FORWARD_CONTROL,HATCHBACK,5,LEFT,NOT_BEATEN,2,WAUZ*************,WHITE
Audi,A4,2020,2961256,0,150,2.0,DIESEL,AMT,FORWARD_CONTROL,SEDAN,4,LEFT,,0,XXXX*************,BLUE
Audi,A4,2020,2277432,0,150,2.0,GASOLINE,AMT,FORWARD_CONTROL,SEDAN,4,LEFT,,0,WAUZ*************,BLACK
Audi,Q5,2020,3495000,0,249,2.0,GASOLINE,AMT,ALL_WHEEL_DRIVE,ALLROAD,5,LEFT,,0,WAUZ*************,WHITE
Audi,Q3,2020,2971000,0,180,2.0,GASOLINE,AMT,ALL_WHEEL_DRIVE,ALLROAD,5,LEFT,,0,WAUZ*************,WHITE
Audi,A8,2019,7100000,24404,340,3.0,GASOLINE,AT,ALL_WHEEL_DRIVE,SEDAN,4,LEFT,NOT_BEATEN,1,WAUZ*************,BLACK
Audi,A6,2001,200000,400000,150,1.8,GASOLINE,CVT,FORWARD_CONTROL,SEDAN,4,LEFT,NOT_BEATEN,4,WAUZ*************,BLACK
Audi,e-tron,2020,6135000,0,408,0.0,ELECTRO,AT,ALL_WHEEL_DRIVE,ALLROAD,5,LEFT,,0,WAUZ*************,BLUE
Audi,Q7,2008,850000,213000,350,4.2,GASOLINE,AT,ALL_WHEEL_DRIVE,ALLROAD,5,LEFT,NOT_BEATEN,2,WAUZ*************,BLACK
Audi,e-tron,2020,6981281,0,408,0.0,ELECTRO,AT,ALL_WHEEL_DRIVE,ALLROAD,5,LEFT,,0,WAUZ*************,BLUE
Audi,A1,2014,815000,119523,122,1.4,GASOLINE,AMT,FORWARD_CONTROL,HATCHBACK,5,LEFT,NOT_BEATEN,1,WAUZ*************,RED
Audi,Q5,2020,3495000,0,249,2.0,GASOLINE,AMT,ALL_WHEEL_DRIVE,ALLROAD,5,LEFT,,0,WAUZ*************,BLACK
Audi,A5,2010,950000,39600,160,1.8,GASOLINE,CVT,FORWARD_CONTROL,COUPE,2,LEFT,NOT_BEATEN,2,WAUZ*************,WHITE
Audi,Q7,2020,6500000,0,249,3.0,DIESEL,AT,ALL_WHEEL_DRIVE,ALLROAD,5,LEFT,,0,XW8Z*************,WHITE
Audi,Q5,2020,3495000,0,249,2.0,GASOLINE,AMT,ALL_WHEEL_DRIVE,ALLROAD,5,LEFT,,0,WAUZ*************,BLUE
Audi,A4,2020,2320000,0,150,2.0,GASOLINE,AMT,FORWARD_CONTROL,SEDAN,4,LEFT,,0,WAUZ*************,WHITE
Audi,Q5,2020,3810000,0,249,2.0,GASOLINE,AMT,ALL_WHEEL_DRIVE,ALLROAD,5,LEFT,,0,WAUZ*************,WHITE
Audi,e-tron,2020,7322981,0,408,0.0,ELECTRO,AT,ALL_WHEEL_DRIVE,ALLROAD,5,LEFT,,0,WAUZ*************,BLACK
Audi,A6,2005,375000,178000,177,2.4,GASOLINE,CVT,FORWARD_CONTROL,SEDAN,4,LEFT,NOT_BEATEN,4,WAUZ*************,SILVER
Audi,Q3,2015,1600000,56000,180,2.0,GASOLINE,AMT,ALL_WHEEL_DRIVE,ALLROAD,5,LEFT,NOT_BEATEN,1,WAUZ*************,GREY
Audi,e-tron,2020,7329081,0,408,0.0,ELECTRO,AT,ALL_WHEEL_DRIVE,ALLROAD,5,LEFT,,0,WAUZ*************,BLACK
Audi,A6,2010,854500,196851,290,3.0,GASOLINE,AT,ALL_WHEEL_DRIVE,SEDAN,4,LEFT,NOT_BEATEN,4,XW8Z*************,BLACK
Audi,Q5,2015,2000000,150000,230,2.0,GASOLINE,AT,ALL_WHEEL_DRIVE,ALLROAD,5,LEFT,NOT_BEATEN,1,WAUZ*************,SILVER
Audi,Q5,2020,3495000,0,249,2.0,GASOLINE,AMT,ALL_WHEEL_DRIVE,ALLROAD,5,LEFT,,0,WAUZ*************,BLACK
Audi,A4,2020,2320000,0,150,2.0,GASOLINE,AMT,FORWARD_CONTROL,SEDAN,4,LEFT,,0,WAUZ*************,BLACK
Audi,Q7,2006,675000,189000,350,4.2,GASOLINE,AT,ALL_WHEEL_DRIVE,ALLROAD,5,LEFT,NOT_BEATEN,3,WAUZ*************,GREY
Audi,Q5,2020,3810000,0,249,2.0,GASOLINE,AMT,ALL_WHEEL_DRIVE,ALLROAD,5,LEFT,,0,WAUZ*************,BLACK
Audi,Q5,2010,650000,130000,211,2.0,GASOLINE,AMT,ALL_WHEEL_DRIVE,ALLROAD,5,LEFT,NOT_BEATEN,3,XW8Z*************,GREY
Audi,e-tron,2020,8343600,0,408,0.0,ELECTRO,AT,ALL_WHEEL_DRIVE,ALLROAD,5,LEFT,,0,WAUZ*************,BLUE
Audi,Q3 Sportback,2020,3167980,0,180,2.0,GASOLINE,AMT,ALL_WHEEL_DRIVE,ALLROAD,5,LEFT,,0,WAUZ*************,BLACK
Audi,e-tron,2020,7852700,0,408,0.0,ELECTRO,AT,ALL_WHEEL_DRIVE,ALLROAD,5,LEFT,,0,WAUZ*************,BLUE
Audi,A4,2020,3183123,0,190,2.0,GASOLINE,AMT,FORWARD_CONTROL,SEDAN,4,LEFT,,0,XXXX*************,BLACK
Audi,A6,2013,990000,156500,180,2.0,GASOLINE,CVT,FORWARD_CONTROL,SEDAN,4,LEFT,NOT_BEATEN,3,WAUZ*************,BLACK
Audi,e-tron,2020,7996900,0,408,0.0,ELECTRO,AT,ALL_WHEEL_DRIVE,ALLROAD,5,LEFT,,0,WAUZ*************,BLACK
Audi,A4,2020,3260147,0,190,2.0,GASOLINE,AMT,FORWARD_CONTROL,SEDAN,4,LEFT,,0,XXXX*************,WHITE
Audi,Q3,2012,899000,89000,170,2.0,GASOLINE,AMT,ALL_WHEEL_DRIVE,ALLROAD,5,LEFT,NOT_BEATEN,2,WAUZ*************,ORANGE
Audi,A4,2020,2512000,0,150,2.0,GASOLINE,AMT,FORWARD_CONTROL,SEDAN,4,LEFT,,0,WAUZ*************,BLUE
Audi,A4,2020,2655000,0,190,2.0,GASOLINE,AMT,FORWARD_CONTROL,SEDAN,4,LEFT,,0,WAUZ*************,GREY
Audi,Q5,2010,995000,140143,211,2.0,GASOLINE,AT,ALL_WHEEL_DRIVE,ALLROAD,5,LEFT,NOT_BEATEN,3,XW8Z*************,GREY
Audi,A4,2020,2275000,0,150,2.0,GASOLINE,AMT,FORWARD_CONTROL,SEDAN,4,LEFT,,0,WAUZ*************,WHITE
Audi,A6,2020,3180000,0,190,2.0,HYBRID,AMT,FORWARD_CONTROL,SEDAN,4,LEFT,,0,WAUZ*************,BLACK
Audi,A4,2020,2277432,0,150,2.0,GASOLINE,AMT,FORWARD_CONTROL,SEDAN,4,LEFT,,0,WAUZ*************,BLUE
Audi,A4 Allroad Quattro,2020,3408192,0,245,2.0,GASOLINE,AMT,ALL_WHEEL_DRIVE,WAGON,5,LEFT,,0,WAUZ*************,BLACK
Audi,Q5,2020,3810000,0,249,2.0,GASOLINE,AMT,ALL_WHEEL_DRIVE,ALLROAD,5,LEFT,,0,WAUZ*************,BLUE
Audi,Q7,2016,3500000,68000,249,3.0,DIESEL,AT,ALL_WHEEL_DRIVE,ALLROAD,5,LEFT,NOT_BEATEN,2,WAUZ*************,BLUE
Audi,Q5,2020,3810000,0,249,2.0,GASOLINE,AMT,ALL_WHEEL_DRIVE,ALLROAD,5,LEFT,,0,WAUZ*************,GREY
Audi,Q5,2020,3495000,0,249,2.0,GASOLINE,AMT,ALL_WHEEL_DRIVE,ALLROAD,5,LEFT,,0,WAUZ*************,SILVER
Audi,Q5,2010,829000,102000,211,2.0,GASOLINE,AT,ALL_WHEEL_DRIVE,ALLROAD,5,LEFT,NOT_BEATEN,3,XW8Z*************,BLACK
Audi,Q5,2016,1996000,66544,230,2.0,GASOLINE,AT,ALL_WHEEL_DRIVE,ALLROAD,5,LEFT,NOT_BEATEN,1,WAUZ*************,BLACK
Audi,80,1993,110000,200000,133,2.3,GASOLINE,MT,FORWARD_CONTROL,SEDAN,4,LEFT,NOT_BEATEN,1,WAUZ*************,BLACK
Audi,A3,2009,650000,88000,102,1.6,GASOLINE,AMT,FORWARD_CONTROL,HATCHBACK,5,LEFT,NOT_BEATEN,1,WAUZ*************,WHITE
Audi,A6,2018,3357000,19125,340,3.0,GASOLINE,AMT,ALL_WHEEL_DRIVE,SEDAN,4,LEFT,NOT_BEATEN,2,WAUZ*************,BLACK
Audi,Q3,2011,1027000,108268,211,2.0,GASOLINE,AMT,ALL_WHEEL_DRIVE,ALLROAD,5,LEFT,NOT_BEATEN,3,WAUZ*************,WHITE
Audi,A4,2014,860000,62300,120,1.8,GASOLINE,CVT,FORWARD_CONTROL,SEDAN,4,LEFT,NOT_BEATEN,1,WAUZ*************,WHITE
Audi,Q3 Sportback,2020,2615000,0,150,1.4,GASOLINE,AMT,FORWARD_CONTROL,ALLROAD,5,LEFT,,0,WAUZ*************,BLUE
Audi,Q5,2020,3495000,0,249,2.0,GASOLINE,AMT,ALL_WHEEL_DRIVE,ALLROAD,5,LEFT,,0,WAUZ*************,WHITE
Audi,A4,2020,2961256,0,150,2.0,DIESEL,AMT,FORWARD_CONTROL,SEDAN,4,LEFT,,0,XXXX*************,WHITE
Audi,A6,2009,750000,175000,170,2.0,DIESEL,CVT,FORWARD_CONTROL,SEDAN,4,LEFT,NOT_BEATEN,2,WAUZ*************,BLACK
Audi,A8,2016,2287000,83397,310,3.0,GASOLINE,AT,ALL_WHEEL_DRIVE,SEDAN,4,LEFT,NOT_BEATEN,2,XW8Z*************,BLACK
Audi,Q5,2012,940000,210000,270,3.2,GASOLINE,AT,ALL_WHEEL_DRIVE,ALLROAD,5,RIGHT,NOT_BEATEN,4,WAUZ*************,BLACK
Audi,A8,2010,831748,220304,372,4.2,GASOLINE,AT,ALL_WHEEL_DRIVE,SEDAN,4,LEFT,NOT_BEATEN,3,WAUZ*************,BLACK
Audi,A3,2016,1500000,79000,122,1.4,GASOLINE,AMT,FORWARD_CONTROL,SEDAN,4,LEFT,NOT_BEATEN,1,WAUZ*************,WHITE
Audi,Q5,2020,3810000,0,249,2.0,GASOLINE,AMT,ALL_WHEEL_DRIVE,ALLROAD,5,LEFT,,0,WAUZ*************,BLUE
Audi,A4,2020,2390473,0,150,2.0,GASOLINE,AMT,FORWARD_CONTROL,SEDAN,4,LEFT,,0,WAUZ*************,BLUE
Audi,A4,2020,3183123,0,190,2.0,GASOLINE,AMT,FORWARD_CONTROL,SEDAN,4,LEFT,,0,XXXX*************,WHITE
Audi,A4,2020,2690000,0,190,2.0,GASOLINE,AMT,FORWARD_CONTROL,SEDAN,4,LEFT,,0,WAUZ*************,BLACK
Audi,A4,2020,2275000,0,150,2.0,GASOLINE,AMT,FORWARD_CONTROL,SEDAN,4,LEFT,,0,WAUZ*************,GREY
Audi,A6,2020,3500000,0,245,2.0,GASOLINE,AMT,ALL_WHEEL_DRIVE,SEDAN,4,LEFT,,0,WAUZ*************,WHITE
Audi,A8,2010,985000,145000,372,4.2,GASOLINE,AT,ALL_WHEEL_DRIVE,SEDAN,4,LEFT,NOT_BEATEN,2,WAUZ*************,BLACK
Audi,e-tron,2020,6135000,0,408,0.0,ELECTRO,AT,ALL_WHEEL_DRIVE,ALLROAD,5,LEFT,,0,WAUZ*************,BLACK
Audi,Q3,2017,1452000,103260,150,1.4,GASOLINE,AMT,FORWARD_CONTROL,ALLROAD,5,LEFT,NOT_BEATEN,1,WAUZ*************,BLUE
Audi,A6,2010,898000,96310,290,3.0,GASOLINE,AT,ALL_WHEEL_DRIVE,WAGON,5,LEFT,NOT_BEATEN,4,WAUZ*************,SILVER
Audi,A4,2016,1399000,107545,150,1.4,GASOLINE,AMT,FORWARD_CONTROL,SEDAN,4,LEFT,NOT_BEATEN,2,WAUZ*************,RED
Audi,A4,2020,2275000,0,150,2.0,GASOLINE,AMT,FORWARD_CONTROL,SEDAN,4,LEFT,,0,WAUZ*************,BLACK
Audi,A8,2011,1200000,123000,372,4.2,GASOLINE,AT,ALL_WHEEL_DRIVE,SEDAN,4,LEFT,NOT_BEATEN,4,WAUZ*************,BLACK
Audi,Q7,2016,3990000,96000,249,3.0,DIESEL,AT,ALL_WHEEL_DRIVE,ALLROAD,5,LEFT,NOT_BEATEN,2,WAUZ*************,BLACK
Audi,Q5,2012,1089000,98000,211,2.0,GASOLINE,AMT,ALL_WHEEL_DRIVE,ALLROAD,5,LEFT,NOT_BEATEN,1,WAUZ*************,GREY
Audi,A4,2020,2900000,0,190,2.0,GASOLINE,AMT,FORWARD_CONTROL,SEDAN,4,LEFT,,0,WAUZ*************,BLUE
Audi,Q7,2016,3436585,38442,249,3.0,DIESEL,AT,ALL_WHEEL_DRIVE,ALLROAD,5,LEFT,NOT_BEATEN,1,WAUZ*************,BLACK
Audi,Q7,2010,1195000,113000,280,3.6,GASOLINE,AT,ALL_WHEEL_DRIVE,ALLROAD,5,LEFT,NOT_BEATEN,2,XW8Z*************,BROWN
Audi,A6,2015,1280000,109000,190,1.8,GASOLINE,AMT,FORWARD_CONTROL,SEDAN,4,LEFT,NOT_BEATEN,4,WAUZ*************,WHITE
Audi,A4,2010,610000,222222,160,1.8,GASOLINE,CVT,FORWARD_CONTROL,SEDAN,4,LEFT,NOT_BEATEN,2,XW8Z*************,BLACK
Audi,A4,2020,2275000,0,150,2.0,GASOLINE,AMT,FORWARD_CONTROL,SEDAN,4,LEFT,,0,WAUZ*************,GREY
Audi,A4,2020,2276004,0,150,2.0,GASOLINE,AMT,FORWARD_CONTROL,SEDAN,4,LEFT,,0,WAUZ*************,BLUE
Audi,Q8,2020,6869600,0,249,3.0,DIESEL,AT,ALL_WHEEL_DRIVE,ALLROAD,5,LEFT,,0,XXXX*************,BLACK
Audi,A6,2007,485000,175000,249,3.1,GASOLINE,AT,ALL_WHEEL_DRIVE,SEDAN,4,LEFT,NOT_BEATEN,3,WAUZ*************,BLACK
Audi,Q5,2019,3545000,0,249,2.0,GASOLINE,AMT,ALL_WHEEL_DRIVE,ALLROAD,5,LEFT,,0,WAUZ*************,BLUE
Audi,A6,2012,1249000,113711,204,2.8,GASOLINE,AMT,ALL_WHEEL_DRIVE,SEDAN,4,LEFT,NOT_BEATEN,4,WAUZ*************,WHITE
Audi,Q7,2020,6352500,0,249,3.0,DIESEL,AT,ALL_WHEEL_DRIVE,ALLROAD,5,LEFT,,0,XXXX*************,WHITE
Audi,Q3 Sportback,2020,3018808,0,180,2.0,GASOLINE,AMT,ALL_WHEEL_DRIVE,ALLROAD,5,LEFT,,0,WAUZ*************,BLACK
Audi,A3,2012,815000,82000,180,1.8,GASOLINE,AMT,FORWARD_CONTROL,HATCHBACK,3,LEFT,NOT_BEATEN,1,WAUZ*************,WHITE
Audi,Q5,2015,1650000,86000,225,2.0,GASOLINE,AT,ALL_WHEEL_DRIVE,ALLROAD,5,LEFT,NOT_BEATEN,3,WAUZ*************,BLACK
Audi,Q5,2020,3460000,0,249,2.0,GASOLINE,AMT,ALL_WHEEL_DRIVE,ALLROAD,5,LEFT,,0,WAUZ*************,GREY
Audi,Q7,2016,3650000,81650,249,3.0,DIESEL,AT,ALL_WHEEL_DRIVE,ALLROAD,5,LEFT,NOT_BEATEN,1,WAUZ*************,BROWN
Audi,A5,2008,615000,162000,265,3.2,GASOLINE,AT,ALL_WHEEL_DRIVE,COUPE,2,LEFT,NOT_BEATEN,3,WAUZ*************,SILVER
Audi,A3,2009,420000,217000,125,1.4,GASOLINE,AMT,FORWARD_CONTROL,HATCHBACK,5,LEFT,NOT_BEATEN,4,WAUZ*************,WHITE
Audi,A6,2006,559000,205375,177,2.4,GASOLINE,CVT,FORWARD_CONTROL,SEDAN,4,LEFT,NOT_BEATEN,4,WAUZ*************,BLUE
Audi,A4,2015,999000,88000,170,1.8,GASOLINE,CVT,FORWARD_CONTROL,SEDAN,4,LEFT,NOT_BEATEN,1,WAUZ*************,WHITE
Audi,100,1988,64990,182000,136,2.3,GASOLINE,MT,FORWARD_CONTROL,WAGON,5,LEFT,NOT_BEATEN,4,WAUZ*************,WHITE
Audi,A5,2017,2895000,51000,249,2.0,GASOLINE,AMT,ALL_WHEEL_DRIVE,HATCHBACK,5,LEFT,NOT_BEATEN,1,WAUZ*************,GREY
Audi,A3,1998,180000,250000,101,1.6,GASOLINE,MT,FORWARD_CONTROL,HATCHBACK,3,LEFT,NOT_BEATEN,3,WAUZ*************,RED
Audi,A3,2009,369000,220000,102,1.6,GASOLINE,AMT,FORWARD_CONTROL,HATCHBACK,3,LEFT,NOT_BEATEN,2,WAUZ*************,RED
Audi,Q7,2015,2740000,159686,249,3.0,DIESEL,AT,ALL_WHEEL_DRIVE,ALLROAD,5,LEFT,NOT_BEATEN,2,WAUZ*************,GREY
Audi,A4,2009,680000,272000,143,2.0,DIESEL,CVT,FORWARD_CONTROL,WAGON,5,LEFT,NOT_BEATEN,2,WAUZ*************,SILVER
Audi,A4,2018,2250000,26300,190,2.0,DIESEL,AMT,ALL_WHEEL_DRIVE,SEDAN,4,LEFT,NOT_BEATEN,1,WAUZ*************,GREY
Audi,A4,2011,640000,172000,211,2.0,GASOLINE,AMT,ALL_WHEEL_DRIVE,WAGON,5,LEFT,NOT_BEATEN,3,WAUZ*************,BLUE
Audi,A3,2019,1799000,9713,150,1.4,GASOLINE,AMT,FORWARD_CONTROL,SEDAN,4,LEFT,NOT_BEATEN,1,WAUZ*************,BLUE
Audi,A6,2002,290000,305000,180,2.5,DIESEL,AT,FORWARD_CONTROL,SEDAN,4,LEFT,NOT_BEATEN,2,WAUZ*************,BLACK
Audi,A6,2001,260000,244000,170,2.4,GASOLINE,CVT,FORWARD_CONTROL,SEDAN,4,LEFT,NOT_BEATEN,4,WAUZ*************,SILVER
Audi,A6,2016,1350000,114000,190,1.8,GASOLINE,AMT,FORWARD_CONTROL,SEDAN,4,LEFT,NOT_BEATEN,1,WAUZ*************,BLACK
Audi,A4,1995,195000,384000,150,2.6,GASOLINE,AT,FORWARD_CONTROL,SEDAN,4,LEFT,NOT_BEATEN,4,WAUZ*************,BLUE
Audi,A4,2002,300000,228000,130,2.0,GASOLINE,CVT,FORWARD_CONTROL,SEDAN,4,LEFT,NOT_BEATEN,4,WAUZ*************,BLACK
Audi,Q3,2012,1140000,115000,170,2.0,GASOLINE,AMT,ALL_WHEEL_DRIVE,ALLROAD,5,LEFT,NOT_BEATEN,2,WAUZ*************,BLACK
Audi,A4,2002,300000,228000,130,2.0,GASOLINE,CVT,FORWARD_CONTROL,SEDAN,4,LEFT,NOT_BEATEN,4,WAUZ*************,BLACK
Audi,Q3,2012,1140000,115000,170,2.0,GASOLINE,AMT,ALL_WHEEL_DRIVE,ALLROAD,5,LEFT,NOT_BEATEN,2,WAUZ*************,BLACK
Audi,A4,2013,1165000,108500,225,2.0,GASOLINE,AMT,ALL_WHEEL_DRIVE,SEDAN,4,LEFT,NOT_BEATEN,2,WAUZ*************,BLACK
Audi,A4,1998,170000,257150,150,1.8,GASOLINE,AT,FORWARD_CONTROL,SEDAN,4,LEFT,BEATEN,3,WAUZ*************,BLUE
Audi,A8,2011,1150000,112450,372,4.2,GASOLINE,AT,ALL_WHEEL_DRIVE,SEDAN,4,LEFT,NOT_BEATEN,2,WAUZ*************,BLACK
Audi,A4,2001,270000,263000,130,2.0,GASOLINE,CVT,FORWARD_CONTROL,SEDAN,4,LEFT,NOT_BEATEN,3,WAUZ*************,BLUE
Audi,A6,2008,547000,165220,140,2.0,DIESEL,CVT,FORWARD_CONTROL,SEDAN,4,LEFT,NOT_BEATEN,3,WAUZ*************,BLUE
Audi,e-tron,2020,6135000,0,408,0.0,ELECTRO,AT,ALL_WHEEL_DRIVE,ALLROAD,5,LEFT,,0,WAUZ*************,WHITE
Audi,A4,2020,3461000,0,249,2.0,GASOLINE,AMT,ALL_WHEEL_DRIVE,SEDAN,4,LEFT,,0,WAUZ*************,GREY
Audi,Q7,2008,1200000,272000,326,4.1,DIESEL,AT,ALL_WHEEL_DRIVE,ALLROAD,5,LEFT,NOT_BEATEN,4,WAUZ*************,WHITE
Audi,Q7,2006,499000,257000,350,4.2,GASOLINE,AT,ALL_WHEEL_DRIVE,ALLROAD,5,LEFT,NOT_BEATEN,4,WA1A*************,BLUE
Audi,A6,2020,3180000,0,190,2.0,HYBRID,AMT,FORWARD_CONTROL,SEDAN,4,LEFT,,0,WAUZ*************,BLACK
Audi,A6,2020,3728000,0,245,2.0,GASOLINE,AMT,ALL_WHEEL_DRIVE,SEDAN,4,LEFT,,0,WAUZ*************,BLACK
Audi,A4,2020,2400000,0,150,2.0,GASOLINE,AMT,FORWARD_CONTROL,SEDAN,4,LEFT,,0,WAUZ*************,BLUE
Audi,A6,2017,2250000,89000,249,2.0,GASOLINE,AMT,ALL_WHEEL_DRIVE,SEDAN,4,LEFT,NOT_BEATEN,2,WAUZ*************,BLACK
Audi,Q7,2013,1750000,109000,272,3.0,GASOLINE,AT,ALL_WHEEL_DRIVE,ALLROAD,5,LEFT,NOT_BEATEN,1,XW8Z*************,BROWN
Audi,Q5,2016,2130000,56500,230,2.0,GASOLINE,AT,ALL_WHEEL_DRIVE,ALLROAD,5,LEFT,NOT_BEATEN,1,WAUZ*************,GREY
Audi,Q5,2009,800000,106000,211,2.0,GASOLINE,AMT,ALL_WHEEL_DRIVE,ALLROAD,5,LEFT,NOT_BEATEN,3,WAUZ*************,GREY
Audi,RS6,2008,1500000,95329,580,5.0,GASOLINE,AT,ALL_WHEEL_DRIVE,WAGON,5,LEFT,NOT_BEATEN,3,WUAZ*************,WHITE
Audi,Q5,2020,3460000,0,249,2.0,GASOLINE,AMT,ALL_WHEEL_DRIVE,ALLROAD,5,LEFT,,0,WAUZ*************,GREY
Audi,A5,2012,980000,150000,211,2.0,GASOLINE,AMT,ALL_WHEEL_DRIVE,HATCHBACK,5,LEFT,NOT_BEATEN,4,WAUZ*************,BLACK
Audi,Q7,2011,1179000,154673,272,3.0,GASOLINE,AT,ALL_WHEEL_DRIVE,ALLROAD,5,LEFT,NOT_BEATEN,2,WAUZ*************,WHITE
Audi,Q7,2011,1550000,183000,245,3.0,DIESEL,AT,ALL_WHEEL_DRIVE,ALLROAD,5,LEFT,NOT_BEATEN,2,WAUZ*************,BLACK
Audi,A6,2010,670000,180000,220,2.8,GASOLINE,AT,ALL_WHEEL_DRIVE,SEDAN,4,LEFT,NOT_BEATEN,3,WAUZ*************,BLACK
Audi,A6,2006,500000,221221,249,3.1,GASOLINE,AT,ALL_WHEEL_DRIVE,SEDAN,4,LEFT,NOT_BEATEN,4,WAUZ*************,GREY
Audi,A3,2014,619000,142764,122,1.4,GASOLINE,AMT,FORWARD_CONTROL,HATCHBACK,5,LEFT,NOT_BEATEN,4,WAUZ*************,BLACK
Audi,Q7,2014,1745000,115000,245,3.0,DIESEL,AT,ALL_WHEEL_DRIVE,ALLROAD,5,LEFT,NOT_BEATEN,2,WAUZ*************,BLACK
Audi,A6,2003,380000,281000,130,1.9,DIESEL,MT,FORWARD_CONTROL,SEDAN,4,LEFT,NOT_BEATEN,4,WAUJ*************,BLUE
Audi,Q5,2020,3460000,0,249,2.0,GASOLINE,AMT,ALL_WHEEL_DRIVE,ALLROAD,5,LEFT,,0,WAUZ*************,BLUE
Audi,Q5,2020,3460000,0,249,2.0,GASOLINE,AMT,ALL_WHEEL_DRIVE,ALLROAD,5,LEFT,,0,WAUZ*************,BLUE
Audi,Q5,2013,1350000,164000,224,2.0,GASOLINE,AT,ALL_WHEEL_DRIVE,ALLROAD,5,LEFT,NOT_BEATEN,4,WAUZ*************,BROWN
Audi,A3,2015,895000,96687,110,1.2,GASOLINE,AMT,FORWARD_CONTROL,HATCHBACK,5,LEFT,NOT_BEATEN,1,WAUZ*************,RED
Audi,100,1991,130000,400000,174,2.8,GASOLINE,AT,FORWARD_CONTROL,SEDAN,4,LEFT,NOT_BEATEN,3,WAUZ*************,BLUE
