brand,model,year,price,mileage,horsepower,engine_capacity,engine_type,gear,transmission,bodywork,doors_num,steering_wheel,tech_condition,owners_num,color,vin
Audi,e-tron,2020,7558200,0,408,,ELECTRO,ALL_WHEEL_DRIVE,AT,,,LEFT,,,WHITE,WAUZZZGEXLB****17
Audi,A6,2020,2701000,0,190,2.0,GASOLINE,FORWARD_CONTROL,AT,SEDAN,2,LEFT,,,BLACK,WAUZZZF24LN****74
Audi,A4,2020,3943892,0,249,2.0,GASOLINE,ALL_WHEEL_DRIVE,AT,,,LEFT,,,BLUE,WAUZZZF49MA****95
Audi,A3,2020,2016000,0,150,1.4,GASOLINE,FORWARD_CONTROL,AT,SEDAN,2,LEFT,,,WHITE,WAUZZZ8V4LA****25
Audi,A4,2016,1699000,102000,249,2.0,GASOLINE,ALL_WHEEL_DRIVE,AT,SEDAN,2,LEFT,,,WHITE,
Audi,Q5,2020,3505000,0,249,2.0,GASOLINE,ALL_WHEEL_DRIVE,AT,,,LEFT,,,BLACK,WAUZZZFY6L2****73
Audi,A3,2020,2016000,0,150,1.4,GASOLINE,FORWARD_CONTROL,AT,SEDAN,2,LEFT,,,SILVER,WAUZZZ8V1LA****35
Audi,A5,2012,1016000,128594,211,2.0,GASOLINE,ALL_WHEEL_DRIVE,AT,COUPE,2,LEFT,,,BLUE,
Audi,A4,2017,1615000,38608,150,1.4,GASOLINE,FORWARD_CONTROL,AT,SEDAN,2,LEFT,,,GREY,
Audi,A8,2013,1419000,180716,420,4.0,GASOLINE,ALL_WHEEL_DRIVE,AT,,,LEFT,,,BLACK,
Audi,Q5,2015,2000000,50000,224,2.0,GASOLINE,ALL_WHEEL_DRIVE,AT,,,LEFT,,,BLUE,
Audi,A6,2016,2348000,52742,333,3.0,GASOLINE,ALL_WHEEL_DRIVE,AT,SEDAN,2,LEFT,,,BLACK,
Audi,Q5,2016,2197800,75162,180,2.0,GASOLINE,ALL_WHEEL_DRIVE,AT,,,LEFT,,,WHITE,
Audi,A8,2011,1075000,158000,290,3.0,GASOLINE,ALL_WHEEL_DRIVE,AT,,,LEFT,,,BLACK,
Audi,Q5,2020,3888645,0,249,2.0,GASOLINE,ALL_WHEEL_DRIVE,AT,,,LEFT,,,BLACK,WAUZZZFY7L2****82
Audi,Q5,2020,3810000,0,249,2.0,GASOLINE,ALL_WHEEL_DRIVE,AT,,,LEFT,,,WHITE,WAUZZZFY9L2****05
Audi,Q5,2020,3810000,0,249,2.0,GASOLINE,ALL_WHEEL_DRIVE,AT,,,LEFT,,,BLACK,WAUZZZFY5L2****05
Audi,A4,2015,1437000,64000,150,1.4,GASOLINE,FORWARD_CONTROL,AT,SEDAN,2,LEFT,,,WHITE,
Audi,A4,2007,369000,136000,130,2.0,GASOLINE,FORWARD_CONTROL,AT,SEDAN,2,LEFT,,,BLACK,
Audi,Q5,2015,1450000,95000,225,2.0,GASOLINE,ALL_WHEEL_DRIVE,AT,,,LEFT,,,WHITE,
Audi,e-tron,2020,7558200,0,408,,ELECTRO,ALL_WHEEL_DRIVE,AT,,,LEFT,,,WHITE,WAUZZZGEXLB****17
Audi,A6,2020,2701000,0,190,2.0,GASOLINE,FORWARD_CONTROL,AT,SEDAN,2,LEFT,,,BLACK,WAUZZZF24LN****74
Audi,A4,2020,3943892,0,249,2.0,GASOLINE,ALL_WHEEL_DRIVE,AT,,,LEFT,,,BLUE,WAUZZZF49MA****95
Audi,A3,2020,2016000,0,150,1.4,GASOLINE,FORWARD_CONTROL,AT,SEDAN,2,LEFT,,,WHITE,WAUZZZ8V4LA****25
Audi,A4,2016,1699000,102000,249,2.0,GASOLINE,ALL_WHEEL_DRIVE,AT,SEDAN,2,LEFT,,,WHITE,
Audi,Q5,2020,3505000,0,249,2.0,GASOLINE,ALL_WHEEL_DRIVE,AT,,,LEFT,,,BLACK,WAUZZZFY6L2****73
Audi,A3,2020,2016000,0,150,1.4,GASOLINE,FORWARD_CONTROL,AT,SEDAN,2,LEFT,,,SILVER,WAUZZZ8V1LA****35
Audi,A5,2012,1016000,128594,211,2.0,GASOLINE,ALL_WHEEL_DRIVE,AT,COUPE,2,LEFT,,,BLUE,
Audi,A4,2017,1615000,38608,150,1.4,GASOLINE,FORWARD_CONTROL,AT,SEDAN,2,LEFT,,,GREY,
Audi,A8,2013,1419000,180716,420,4.0,GASOLINE,ALL_WHEEL_DRIVE,AT,,,LEFT,,,BLACK,
Audi,Q5,2015,2000000,50000,224,2.0,GASOLINE,ALL_WHEEL_DRIVE,AT,,,LEFT,,,BLUE,
Audi,A6,2016,2348000,52742,333,3.0,GASOLINE,ALL_WHEEL_DRIVE,AT,SEDAN,2,LEFT,,,BLACK,
Audi,Q5,2016,2197800,75162,180,2.0,GASOLINE,ALL_WHEEL_DRIVE,AT,,,LEFT,,,WHITE,
Audi,A8,2011,1075000,158000,290,3.0,GASOLINE,ALL_WHEEL_DRIVE,AT,,,LEFT,,,BLACK,
Audi,Q5,2020,3888645,0,249,2.0,GASOLINE,ALL_WHEEL_DRIVE,AT,,,LEFT,,,BLACK,WAUZZZFY7L2****82
Audi,Q5,2020,3810000,0,249,2.0,GASOLINE,ALL_WHEEL_DRIVE,AT,,,LEFT,,,WHITE,WAUZZZFY9L2****05
Audi,Q5,2020,3810000,0,249,2.0,GASOLINE,ALL_WHEEL_DRIVE,AT,,,LEFT,,,BLACK,WAUZZZFY5L2****05
Audi,A4,2015,1437000,64000,150,1.4,GASOLINE,FORWARD_CONTROL,AT,SEDAN,2,LEFT,,,WHITE,
Audi,A4,2007,369000,136000,130,2.0,GASOLINE,FORWARD_CONTROL,AT,SEDAN,2,LEFT,,,BLACK,
Audi,Q5,2015,1450000,95000,225,2.0,GASOLINE,ALL_WHEEL_DRIVE,AT,,,LEFT,,,WHITE,
Audi,Q5,2011,979500,151617,211,2.0,GASOLINE,ALL_WHEEL_DRIVE,AT,,,LEFT,,,GREY,
Audi,Q3,2012,1089000,68696,170,2.0,GASOLINE,ALL_WHEEL_DRIVE,AT,,,LEFT,,,WHITE,
Audi,A8,2019,6485000,15659,340,3.0,GASOLINE,ALL_WHEEL_DRIVE,AT,,,LEFT,,,BLACK,
Audi,Q5,2017,2850000,33582,249,2.0,GASOLINE,ALL_WHEEL_DRIVE,AT,,,LEFT,,,GREY,
Audi,Q5,2020,3610222,0,249,2.0,GASOLINE,ALL_WHEEL_DRIVE,AT,,,LEFT,,,GREY,WAUZZZFY8L2****27
Audi,Q5,2010,1029000,77115,211,2.0,GASOLINE,ALL_WHEEL_DRIVE,AT,,,LEFT,,,WHITE,
Audi,A4,2011,749000,138258,120,1.8,GASOLINE,FORWARD_CONTROL,AT,,4,LEFT,,,SILVER,
Audi,A4,2014,1390000,100104,224,2.0,GASOLINE,ALL_WHEEL_DRIVE,AT,,4,LEFT,,,WHITE,
Audi,A6,2008,740000,107143,249,3.1,GASOLINE,ALL_WHEEL_DRIVE,AT,SEDAN,2,LEFT,,,WHITE,
Audi,Q7,2016,3950000,59264,249,3.0,DIESEL,ALL_WHEEL_DRIVE,AT,,,LEFT,,,BLUE,
Audi,A6,2015,2300000,102469,333,3.0,GASOLINE,ALL_WHEEL_DRIVE,AT,,4,LEFT,,,BLACK,
Audi,Q3,2017,1270000,86201,150,1.4,GASOLINE,FORWARD_CONTROL,AT,,,LEFT,,,BLACK,
Audi,Q7,2016,3500000,63687,249,3.0,DIESEL,ALL_WHEEL_DRIVE,AT,,,LEFT,,,BEIGE,
Audi,A4,2020,3943892,0,249,2.0,GASOLINE,ALL_WHEEL_DRIVE,AT,,,LEFT,,,GREY,WAUZZZF41MA****57
Audi,A8,2008,570000,124000,260,3.1,GASOLINE,FORWARD_CONTROL,AT,,,LEFT,,,BLACK,
Audi,Q5,2010,995000,140143,211,2.0,GASOLINE,ALL_WHEEL_DRIVE,AT,,,LEFT,,,GREY,
Audi,A6,2018,3397000,19125,340,3.0,GASOLINE,ALL_WHEEL_DRIVE,AT,SEDAN,2,LEFT,,,BLACK,
Audi,A1,2014,815000,119523,122,1.4,GASOLINE,FORWARD_CONTROL,AT,HATCHBACK,5,LEFT,,,RED,
Audi,A3,2020,1835000,13874,150,1.4,GASOLINE,FORWARD_CONTROL,AT,SEDAN,2,LEFT,,,BLUE,
Audi,Q7,2014,1899000,201437,245,3.0,DIESEL,ALL_WHEEL_DRIVE,AT,,,LEFT,,,WHITE,
Audi,A8,2015,1943000,90000,310,3.0,GASOLINE,ALL_WHEEL_DRIVE,AT,,,LEFT,,,BLACK,
Audi,Q7,2008,1150000,205000,326,4.1,DIESEL,ALL_WHEEL_DRIVE,AT,,,LEFT,,,BLACK,
Audi,A3,2020,1885400,0,150,1.4,GASOLINE,FORWARD_CONTROL,AT,SEDAN,2,LEFT,,,SILVER,WAUZZZ8V3LA****45
Audi,A4,2010,629000,124000,160,1.8,GASOLINE,FORWARD_CONTROL,AT,SEDAN,2,LEFT,,,WHITE,
Audi,A6,2014,1395000,80822,,2.8,GASOLINE,ALL_WHEEL_DRIVE,,SEDAN,2,LEFT,,,BLUE,
Audi,Q5,2016,1996000,66544,,2.0,GASOLINE,ALL_WHEEL_DRIVE,,,,LEFT,,,BLACK,
Audi,A4,2020,2275000,0,150,2.0,GASOLINE,FORWARD_CONTROL,AT,SEDAN,2,LEFT,,,BLACK,WAUZZZF47MN****91
Audi,A4,2020,2275000,0,150,2.0,GASOLINE,FORWARD_CONTROL,AT,SEDAN,2,LEFT,,,BLUE,WAUZZZF44MN****53
Audi,Q5,2009,959000,240690,239,3.0,DIESEL,ALL_WHEEL_DRIVE,AT,,,LEFT,,,BLUE,
Audi,A5,2019,3100000,29619,190,2.0,DIESEL,ALL_WHEEL_DRIVE,AT,,2,LEFT,,,WHITE,
Audi,TT,2010,939000,113692,211,2.0,GASOLINE,FORWARD_CONTROL,AT,COUPE,2,LEFT,,,RED,
Audi,A6,2020,2701000,0,190,2.0,GASOLINE,FORWARD_CONTROL,AT,SEDAN,2,LEFT,,,BLACK,WAUZZZF28LN****33
Audi,A6,2020,2701000,0,190,2.0,GASOLINE,FORWARD_CONTROL,AT,SEDAN,2,LEFT,,,BLACK,WAUZZZF20LN****82
Audi,A6,2020,2701000,0,190,2.0,GASOLINE,FORWARD_CONTROL,AT,SEDAN,2,LEFT,,,BLACK,WAUZZZF23LN****07
Audi,A6,2020,2701000,0,190,2.0,GASOLINE,FORWARD_CONTROL,AT,SEDAN,2,LEFT,,,BLACK,WAUZZZF24LN****97
Audi,A6,2020,2701000,0,190,2.0,GASOLINE,FORWARD_CONTROL,AT,SEDAN,2,LEFT,,,BLACK,WAUZZZF2XLN****24
Audi,A6,2020,2701000,0,190,2.0,GASOLINE,FORWARD_CONTROL,AT,SEDAN,2,LEFT,,,BLACK,WAUZZZF22LN****52
Audi,e-tron,2020,7787700,0,408,,ELECTRO,ALL_WHEEL_DRIVE,AT,,,LEFT,,,GREY,WAUZZZGEXLB****41
Audi,e-tron,2020,7608500,0,408,,ELECTRO,ALL_WHEEL_DRIVE,AT,,,LEFT,,,BLACK,WAUZZZGE7LB****24
Audi,A8,2018,7499000,18099,460,4.0,GASOLINE,ALL_WHEEL_DRIVE,AT,,,LEFT,,,BLACK,
Audi,A8,2019,6700000,25340,249,3.0,DIESEL,ALL_WHEEL_DRIVE,AT,,,LEFT,,,BLACK,
Audi,A8,2019,7100000,24404,340,3.0,GASOLINE,ALL_WHEEL_DRIVE,AT,,,LEFT,,,BLACK,
Audi,Q3,2016,1627975,84891,180,2.0,GASOLINE,ALL_WHEEL_DRIVE,AT,,,LEFT,,,,
Audi,A6,2016,1624044,87931,190,1.8,GASOLINE,FORWARD_CONTROL,AT,SEDAN,2,LEFT,,,BLACK,
Audi,Q8,2018,5261740,26649,340,3.0,GASOLINE,ALL_WHEEL_DRIVE,AT,,,LEFT,,,BLUE,
Audi,Q3,2013,1220000,127256,170,2.0,GASOLINE,ALL_WHEEL_DRIVE,AT,,,LEFT,,,GREY,
Audi,A5,2017,2895000,51000,249,2.0,GASOLINE,ALL_WHEEL_DRIVE,AT,,2,LEFT,,,GREY,
Audi,A4,2019,2648000,7123,150,1.4,GASOLINE,FORWARD_CONTROL,AT,SEDAN,2,LEFT,,,BLACK,
Audi,A4,2017,1888000,36291,150,1.4,GASOLINE,FORWARD_CONTROL,AT,SEDAN,2,LEFT,,,BLACK,
Audi,A4,2012,1048000,103450,211,2.0,GASOLINE,ALL_WHEEL_DRIVE,AT,SEDAN,2,LEFT,,,BLACK,
Audi,A5,2013,1080000,123892,211,2.0,GASOLINE,ALL_WHEEL_DRIVE,AT,COUPE,2,LEFT,,,BLUE,
Audi,Q7,2007,735000,188000,350,4.2,GASOLINE,ALL_WHEEL_DRIVE,AT,,,LEFT,,,GREY,
Audi,A1,2015,999000,94922,125,1.4,GASOLINE,FORWARD_CONTROL,AT,HATCHBACK,5,LEFT,,,BLACK,
Audi,Q5,2012,849000,98000,211,2.0,GASOLINE,ALL_WHEEL_DRIVE,AT,,,LEFT,,,GREY,
Audi,A4,2017,2169000,81412,249,2.0,GASOLINE,ALL_WHEEL_DRIVE,AT,SEDAN,2,LEFT,,,BLACK,
Audi,A6,2016,2099000,65611,333,3.0,GASOLINE,ALL_WHEEL_DRIVE,AT,SEDAN,2,LEFT,,,SILVER,
Audi,A3,2010,439000,263390,125,1.4,GASOLINE,FORWARD_CONTROL,AT,HATCHBACK,5,LEFT,,,BLUE,
Audi,Q3,2015,1582000,101696,180,2.0,GASOLINE,ALL_WHEEL_DRIVE,AT,,,LEFT,,,BLACK,
Audi,Q7,2016,3650000,81650,249,3.0,DIESEL,ALL_WHEEL_DRIVE,AT,,,LEFT,,,BROWN,
Audi,A5,2010,798000,203556,211,2.0,GASOLINE,ALL_WHEEL_DRIVE,AT,COUPE,2,LEFT,,,WHITE,
Audi,A6,2011,1149000,114203,204,2.8,GASOLINE,ALL_WHEEL_DRIVE,AT,SEDAN,2,LEFT,,,GREY,
Audi,Q7,2010,1360000,157987,238,3.0,DIESEL,ALL_WHEEL_DRIVE,AT,,,LEFT,,,WHITE,
Audi,A8,2006,515000,197600,350,4.1,GASOLINE,ALL_WHEEL_DRIVE,AT,,,LEFT,,,BLACK,
Audi,Q7,2016,3590000,77985,249,3.0,DIESEL,ALL_WHEEL_DRIVE,AT,,,LEFT,,,BEIGE,
Audi,A3,2013,890000,66781,122,1.4,GASOLINE,FORWARD_CONTROL,AT,HATCHBACK,5,LEFT,,,WHITE,
Audi,A3,2017,1080000,80410,150,1.4,GASOLINE,FORWARD_CONTROL,AT,SEDAN,2,LEFT,,,BLACK,
Audi,Q3,2016,1795000,53472,180,2.0,GASOLINE,ALL_WHEEL_DRIVE,AT,,,LEFT,,,GREY,
Audi,A4,2014,1135000,83022,170,1.8,GASOLINE,FORWARD_CONTROL,AT,SEDAN,2,LEFT,,,WHITE,
Audi,A6,1999,245000,202338,165,2.4,GASOLINE,FORWARD_CONTROL,AT,SEDAN,2,LEFT,,,GREY,
Audi,e-tron,2020,7300011,0,408,,ELECTRO,ALL_WHEEL_DRIVE,AT,,,LEFT,,,BLUE,WAUZZZGE9LB****59
Audi,Q3,2020,3647714,0,180,2.0,GASOLINE,ALL_WHEEL_DRIVE,AT,,,LEFT,,,GREY,WAUZZZF33M1****04
Audi,Q5,2019,3940000,0,249,2.0,GASOLINE,ALL_WHEEL_DRIVE,AT,,,LEFT,,,BLACK,WAUZZZFY6L2****47
Audi,Q5,2019,3789400,0,249,2.0,GASOLINE,ALL_WHEEL_DRIVE,AT,,,LEFT,,,BLACK,WAUZZZFY3L2****75
Audi,A6,2009,590000,152000,190,2.8,GASOLINE,FORWARD_CONTROL,AT,SEDAN,2,LEFT,,,BLACK,
Audi,A4,2009,659000,127512,120,1.8,GASOLINE,FORWARD_CONTROL,AT,SEDAN,2,LEFT,,,WHITE,
Audi,A1,2011,662000,130807,122,1.4,GASOLINE,FORWARD_CONTROL,AT,HATCHBACK,5,LEFT,,,RED,
Audi,A3,2012,652000,97556,105,1.2,GASOLINE,FORWARD_CONTROL,AT,HATCHBACK,5,LEFT,,,BLACK,
Audi,A3,2011,572000,103000,105,1.2,GASOLINE,FORWARD_CONTROL,AT,HATCHBACK,5,LEFT,,,WHITE,
Audi,A4,2016,1769000,103421,249,2.0,GASOLINE,ALL_WHEEL_DRIVE,AT,SEDAN,2,LEFT,,,WHITE,
Audi,A6,2012,1249000,113711,204,2.8,GASOLINE,ALL_WHEEL_DRIVE,AT,SEDAN,2,LEFT,,,WHITE,
Audi,A3,2014,744000,107300,122,1.4,GASOLINE,FORWARD_CONTROL,AT,HATCHBACK,5,LEFT,,,RED,
Audi,Q7,2015,2740000,159686,249,3.0,DIESEL,ALL_WHEEL_DRIVE,AT,,,LEFT,,,GREY,
Audi,A4,2020,2900000,0,190,2.0,GASOLINE,FORWARD_CONTROL,AT,SEDAN,2,LEFT,,,BLUE,WAUZZZF45MA****73
Audi,A4,2020,2900000,0,190,2.0,GASOLINE,FORWARD_CONTROL,AT,SEDAN,2,LEFT,,,GREY,WAUZZZF48MN****64
Audi,A4,2020,3461000,0,249,2.0,GASOLINE,ALL_WHEEL_DRIVE,AT,SEDAN,2,LEFT,,,WHITE,WAUZZZF4XMA****67
Audi,Q7,2019,4575000,17610,249,3.0,DIESEL,ALL_WHEEL_DRIVE,AT,,,LEFT,,,BLUE,
Audi,A1,2014,856900,93500,122,1.4,GASOLINE,FORWARD_CONTROL,AT,HATCHBACK,5,LEFT,,,WHITE,
Audi,Q3,2014,1368400,121302,170,2.0,GASOLINE,ALL_WHEEL_DRIVE,AT,,,LEFT,,,BROWN,
Audi,A6,2011,900000,189000,204,2.8,GASOLINE,FORWARD_CONTROL,AT,SEDAN,2,LEFT,,,SILVER,
Audi,Q5,2020,3505000,0,249,2.0,GASOLINE,ALL_WHEEL_DRIVE,AT,,,LEFT,,,WHITE,WAUZZZFY6L2****18
Audi,Q5,2020,3540000,0,249,2.0,GASOLINE,ALL_WHEEL_DRIVE,AT,,,LEFT,,,WHITE,WAUZZZFY5L2****21
Audi,Q5,2020,3810000,0,249,2.0,GASOLINE,ALL_WHEEL_DRIVE,AT,,,LEFT,,,WHITE,WAUZZZFY2L2****92
Audi,Q5,2020,3540000,0,249,2.0,GASOLINE,ALL_WHEEL_DRIVE,AT,,,LEFT,,,BLACK,WAUZZZFY4L2****50
Audi,Q5,2020,3540000,0,249,2.0,GASOLINE,ALL_WHEEL_DRIVE,AT,,,LEFT,,,BLUE,WAUZZZFY3L2****83
Audi,Q5,2020,3540000,0,249,2.0,GASOLINE,ALL_WHEEL_DRIVE,AT,,,LEFT,,,WHITE,WAUZZZFY0L2****80
Audi,Q5,2020,3505000,0,249,2.0,GASOLINE,ALL_WHEEL_DRIVE,AT,,,LEFT,,,GREY,WAUZZZFY8L2****83
Audi,Q5,2020,3540000,0,249,2.0,GASOLINE,ALL_WHEEL_DRIVE,AT,,,LEFT,,,BLACK,WAUZZZFY5L2****72
Audi,Q3,2016,1650000,55000,150,1.4,GASOLINE,FORWARD_CONTROL,AT,,,LEFT,,,WHITE,
Audi,A4,1996,145000,350000,101,1.6,GASOLINE,FORWARD_CONTROL,MT,SEDAN,2,LEFT,,,BLACK,
Audi,Q3,2012,750000,140000,170,2.0,GASOLINE,ALL_WHEEL_DRIVE,AT,,,LEFT,,,BLACK,
Audi,Q5,2015,1995000,87000,245,3.0,DIESEL,ALL_WHEEL_DRIVE,AT,,,LEFT,,,WHITE,
Audi,A1,2012,624000,83000,122,1.4,GASOLINE,FORWARD_CONTROL,AT,HATCHBACK,5,LEFT,,,RED,
Audi,A6,2019,3399900,3753,245,2.0,GASOLINE,ALL_WHEEL_DRIVE,AT,SEDAN,2,LEFT,,,BLUE,
Audi,TT,2010,1049000,173854,211,2.0,GASOLINE,ALL_WHEEL_DRIVE,AT,COUPE,2,LEFT,,,RED,
Audi,A8,2011,970000,262700,290,3.0,GASOLINE,ALL_WHEEL_DRIVE,AT,,,LEFT,,,BLACK,
Audi,Q3,2012,1090000,100679,170,2.0,GASOLINE,ALL_WHEEL_DRIVE,AT,,,LEFT,,,BLACK,
Audi,A6,2016,1990000,23038,190,1.8,GASOLINE,FORWARD_CONTROL,AT,SEDAN,2,LEFT,,,BLACK,
Audi,Q8,2019,6251000,18282,249,3.0,DIESEL,ALL_WHEEL_DRIVE,AT,,,LEFT,,,BLUE,
Audi,A3,2017,1465000,44982,150,1.4,GASOLINE,FORWARD_CONTROL,AT,HATCHBACK,5,LEFT,,,WHITE,
Audi,A7,2018,4390000,69412,340,3.0,GASOLINE,ALL_WHEEL_DRIVE,AT,,,LEFT,,,BLUE,
Audi,Q3,2017,1340000,90493,150,1.4,GASOLINE,FORWARD_CONTROL,AT,,,LEFT,,,BLACK,
Audi,Q3,2017,1250000,81027,150,1.4,GASOLINE,FORWARD_CONTROL,AT,,,LEFT,,,BLACK,
Audi,A8,2019,8190000,0,460,4.0,GASOLINE,ALL_WHEEL_DRIVE,AT,,,LEFT,,,BLACK,WAUZZZF89KN****05
Audi,Q5,2020,3505000,0,249,2.0,GASOLINE,ALL_WHEEL_DRIVE,AT,,,LEFT,,,GREY,WAUZZZFY0L2****83
Audi,Q5,2011,998000,110665,211,2.0,GASOLINE,ALL_WHEEL_DRIVE,AT,,,LEFT,,,RED,
Audi,A8,2013,1295000,139642,290,3.0,GASOLINE,ALL_WHEEL_DRIVE,AT,,,LEFT,,,BLACK,
Audi,Q3,2014,895000,156797,150,1.4,GASOLINE,FORWARD_CONTROL,AT,,,LEFT,,,BEIGE,
Audi,A5,2010,860000,198000,211,2.0,GASOLINE,ALL_WHEEL_DRIVE,AT,COUPE,2,LEFT,,,BLACK,
Audi,A3,2018,1800000,29400,150,1.4,GASOLINE,FORWARD_CONTROL,AT,SEDAN,2,LEFT,,,BLUE,
Audi,A4,2013,800000,135000,170,1.8,GASOLINE,FORWARD_CONTROL,AT,SEDAN,2,LEFT,,,BLACK,
Audi,A6,2019,3390000,1228,245,2.0,GASOLINE,ALL_WHEEL_DRIVE,AT,SEDAN,2,LEFT,,,BLACK,
Audi,A4,2006,524000,157321,130,2.0,GASOLINE,FORWARD_CONTROL,AT,SEDAN,2,LEFT,,,GREY,
Audi,Q3,2015,1579000,90705,180,2.0,GASOLINE,ALL_WHEEL_DRIVE,AT,,,LEFT,,,WHITE,
Audi,Q7,2017,3494000,70978,249,3.0,DIESEL,ALL_WHEEL_DRIVE,AT,,,LEFT,,,BROWN,
Audi,Q3,2017,1950000,29640,180,2.0,GASOLINE,ALL_WHEEL_DRIVE,AT,,,LEFT,,,WHITE,
Audi,Q7,2019,4482000,21813,249,3.0,DIESEL,ALL_WHEEL_DRIVE,AT,,,LEFT,,,BLACK,
Audi,A5,2014,1597000,115619,225,2.0,GASOLINE,ALL_WHEEL_DRIVE,AT,COUPE,2,LEFT,,,WHITE,
Audi,A6,2020,2701000,0,190,2.0,GASOLINE,FORWARD_CONTROL,AT,SEDAN,2,LEFT,,,BLACK,WAUZZZF26LN****95
Audi,A4,2020,3461000,0,249,2.0,GASOLINE,ALL_WHEEL_DRIVE,AT,SEDAN,2,LEFT,,,GREY,WAUZZZF44MA****14
Audi,Q5,2013,1218000,179167,225,2.0,GASOLINE,ALL_WHEEL_DRIVE,AT,,,LEFT,,,GREY,
Audi,A7,2019,5550000,19936,340,3.0,GASOLINE,ALL_WHEEL_DRIVE,AT,,,LEFT,,,BLUE,
Audi,Q5,2020,3540000,0,249,2.0,GASOLINE,ALL_WHEEL_DRIVE,AT,,,LEFT,,,WHITE,WAUZZZFY8L2****30
Audi,Q5,2020,3810000,0,249,2.0,GASOLINE,ALL_WHEEL_DRIVE,AT,,,LEFT,,,BLUE,WAUZZZFY2L2****38
Audi,Q5,2020,3810000,0,249,2.0,GASOLINE,ALL_WHEEL_DRIVE,AT,,,LEFT,,,GREY,WAUZZZFY4L2****25
Audi,Q5,2020,3702999,0,249,2.0,GASOLINE,ALL_WHEEL_DRIVE,AT,,,LEFT,,,BLUE,WAUZZZFY9L2****19
Audi,Q7,2012,1500000,167000,245,3.0,DIESEL,ALL_WHEEL_DRIVE,AT,,,LEFT,,,BROWN,
Audi,Q3,2012,1175000,92054,170,2.0,GASOLINE,ALL_WHEEL_DRIVE,AT,,,LEFT,,,ORANGE,
Audi,A6,2009,745000,233800,170,2.0,DIESEL,FORWARD_CONTROL,AT,SEDAN,2,LEFT,,,BLACK,
Audi,Q7,2012,1367000,130250,272,3.0,GASOLINE,ALL_WHEEL_DRIVE,AT,,,LEFT,,,BLACK,
Audi,A4,2015,1280000,106749,150,1.4,GASOLINE,FORWARD_CONTROL,AT,SEDAN,2,LEFT,,,BLACK,
Audi,A6,2002,319000,220900,220,3.0,GASOLINE,FORWARD_CONTROL,AT,SEDAN,2,LEFT,,,BLACK,
Audi,Q3,2019,2847000,1677,150,1.4,GASOLINE,FORWARD_CONTROL,AT,,,LEFT,,,RED,
Audi,Q3,2016,1625000,84720,180,2.0,GASOLINE,ALL_WHEEL_DRIVE,AT,,,LEFT,,,WHITE,
Audi,Q5,2015,1870000,42602,225,2.0,GASOLINE,ALL_WHEEL_DRIVE,AT,,,LEFT,,,BLACK,
Audi,Q5,2018,2639900,58850,249,2.0,GASOLINE,ALL_WHEEL_DRIVE,AT,,,LEFT,,,WHITE,
Audi,A4,1996,170000,178077,125,1.8,GASOLINE,FORWARD_CONTROL,AT,,4,LEFT,,,GREY,
Audi,Q7,2012,1745000,154000,245,3.0,DIESEL,ALL_WHEEL_DRIVE,AT,,,LEFT,,,BLACK,
Audi,A4,2015,1650000,137570,224,2.0,GASOLINE,ALL_WHEEL_DRIVE,AT,,4,LEFT,,,BROWN,
Audi,Q3,2013,1365000,65998,170,2.0,GASOLINE,ALL_WHEEL_DRIVE,AT,,,LEFT,,,WHITE,
Audi,A4,2008,555000,139232,,2.0,GASOLINE,ALL_WHEEL_DRIVE,,SEDAN,2,LEFT,,,BLACK,
Audi,A8,2019,8760953,0,340,3.0,GASOLINE,ALL_WHEEL_DRIVE,AT,,,LEFT,,,BLUE,WAUZZZF83KN****60
Audi,A8,2019,8490000,0,340,3.0,GASOLINE,ALL_WHEEL_DRIVE,AT,,,LEFT,,,BLACK,WAUZZZF82KN****45
Audi,A8,2019,7290000,0,249,3.0,DIESEL,ALL_WHEEL_DRIVE,AT,,,LEFT,,,BLACK,WAUZZZF86KN****70
Audi,A8,2019,7500000,0,340,3.0,GASOLINE,ALL_WHEEL_DRIVE,AT,,,LEFT,,,GREY,WAUZZZF89LN****67
Audi,SQ8,2020,12800000,0,422,4.0,DIESEL,ALL_WHEEL_DRIVE,AT,,,LEFT,,,BLUE,WAUZZZF11LD****11
Audi,Q5,2011,1190000,89000,211,2.0,GASOLINE,ALL_WHEEL_DRIVE,AT,,,LEFT,,,WHITE,
Audi,A8,2016,2287000,83397,310,3.0,GASOLINE,ALL_WHEEL_DRIVE,AT,,,LEFT,,,BLACK,
Audi,A3,2009,565000,110000,125,1.4,GASOLINE,FORWARD_CONTROL,AT,HATCHBACK,5,LEFT,,,GREY,
Audi,Q5,2020,3540000,0,249,2.0,GASOLINE,ALL_WHEEL_DRIVE,AT,,,LEFT,,,BLACK,WAUZZZFY3L2****01
Audi,Q5,2020,3670000,0,249,2.0,GASOLINE,ALL_WHEEL_DRIVE,AT,,,LEFT,,,WHITE,WAUZZZFY8L2****23
Audi,Q5,2012,1049000,91000,271,3.2,GASOLINE,ALL_WHEEL_DRIVE,AT,,,LEFT,,,SILVER,
Audi,Q5,2020,3625000,0,249,2.0,GASOLINE,ALL_WHEEL_DRIVE,AT,,,LEFT,,,WHITE,WAUZZZFY9L2****55
Audi,Q5,2020,3625000,0,249,2.0,GASOLINE,ALL_WHEEL_DRIVE,AT,,,LEFT,,,WHITE,WAUZZZFY4L2****30
Audi,Q5,2020,3625000,0,249,2.0,GASOLINE,ALL_WHEEL_DRIVE,AT,,,LEFT,,,GREY,WAUZZZFY4L2****82
Audi,Q5,2020,3625000,0,249,2.0,GASOLINE,ALL_WHEEL_DRIVE,AT,,,LEFT,,,WHITE,WAUZZZFY4L2****11
Audi,Q5,2020,3625000,0,249,2.0,GASOLINE,ALL_WHEEL_DRIVE,AT,,,LEFT,,,SILVER,WAUZZZFY9L2****00
Audi,Q5,2020,3625000,0,249,2.0,GASOLINE,ALL_WHEEL_DRIVE,AT,,,LEFT,,,SILVER,WAUZZZFY0L2****75
Audi,A4,2006,460000,268405,163,1.8,GASOLINE,FORWARD_CONTROL,AT,SEDAN,2,LEFT,,,BLUE,
Audi,A4,2012,949000,103000,211,2.0,GASOLINE,ALL_WHEEL_DRIVE,AT,SEDAN,2,LEFT,,,WHITE,
Audi,Q8,2019,6998000,9170,249,3.0,DIESEL,ALL_WHEEL_DRIVE,AT,,,LEFT,,,GREY,
Audi,A1,2013,679000,82225,122,1.4,GASOLINE,FORWARD_CONTROL,AT,HATCHBACK,5,LEFT,,,RED,
Audi,A5,2011,879000,122759,160,1.8,GASOLINE,FORWARD_CONTROL,AT,COUPE,2,LEFT,,,WHITE,
Audi,A1,2011,569000,103239,122,1.4,GASOLINE,FORWARD_CONTROL,AT,HATCHBACK,5,LEFT,,,WHITE,
Audi,A4,2011,829000,94926,211,2.0,GASOLINE,ALL_WHEEL_DRIVE,AT,SEDAN,2,LEFT,,,WHITE,
Audi,A5,2011,839000,106302,211,2.0,GASOLINE,ALL_WHEEL_DRIVE,AT,COUPE,2,LEFT,,,WHITE,
Audi,A6,2008,547000,165220,140,2.0,DIESEL,FORWARD_CONTROL,AT,SEDAN,2,LEFT,,,BLUE,
Audi,Q7,2015,2275000,101837,245,3.0,DIESEL,ALL_WHEEL_DRIVE,AT,,,LEFT,,,BLACK,
Audi,A7,2014,1545000,180746,245,3.0,DIESEL,ALL_WHEEL_DRIVE,AT,,,LEFT,,,BLACK,
Audi,A3,2012,498000,167936,105,1.2,GASOLINE,FORWARD_CONTROL,AT,HATCHBACK,5,LEFT,,,WHITE,
Audi,Q7,2016,3899000,74225,,3.0,DIESEL,ALL_WHEEL_DRIVE,AT,,,,,,BLACK,
Audi,Q7,2018,4687059,28395,249,3.0,DIESEL,ALL_WHEEL_DRIVE,AT,,,LEFT,,,GREY,
Audi,TT,2007,852000,110658,200,2.0,GASOLINE,FORWARD_CONTROL,AT,COUPE,2,LEFT,,,BLACK,
Audi,S5,2011,1267000,128286,354,4.2,GASOLINE,ALL_WHEEL_DRIVE,AT,COUPE,2,LEFT,,,RED,
Audi,A3,2010,614000,95120,160,1.8,GASOLINE,FORWARD_CONTROL,AT,HATCHBACK,5,LEFT,,,BLACK,
Audi,A5,2017,2890000,30163,190,2.0,DIESEL,ALL_WHEEL_DRIVE,AT,,2,LEFT,,,GREEN,
Audi,A3,2020,1885000,1850,150,1.4,GASOLINE,FORWARD_CONTROL,AT,SEDAN,2,LEFT,,,GREY,
Audi,Q5,2014,1649000,81205,245,3.0,DIESEL,ALL_WHEEL_DRIVE,AT,,,LEFT,,,BLACK,
Audi,Q5,2010,899000,80115,211,2.0,GASOLINE,ALL_WHEEL_DRIVE,AT,,,LEFT,,,BEIGE,
Audi,A6,2014,900000,250000,180,2.0,GASOLINE,FORWARD_CONTROL,AT,SEDAN,2,LEFT,,,BLACK,
Audi,Q7,2016,3290000,70986,249,3.0,DIESEL,ALL_WHEEL_DRIVE,AT,,,LEFT,,,BEIGE,
Audi,Q5,2020,3502360,0,249,2.0,GASOLINE,ALL_WHEEL_DRIVE,AT,,,LEFT,,,BLUE,WAUZZZFY1L2****57
Audi,A8,2019,10638000,0,460,4.0,GASOLINE,ALL_WHEEL_DRIVE,AT,,,LEFT,,,BLACK,WAUZZZF83KN****98
Audi,A8,2019,10638000,0,460,4.0,GASOLINE,ALL_WHEEL_DRIVE,AT,,,LEFT,,,BLACK,WAUZZZF86KN****36
Audi,A8,2019,10638000,0,460,4.0,GASOLINE,ALL_WHEEL_DRIVE,AT,,,LEFT,,,BLACK,WAUZZZF80KN****52
Audi,Q5,2020,3810000,0,249,2.0,GASOLINE,ALL_WHEEL_DRIVE,AT,,,LEFT,,,BLACK,WAUZZZFY6L2****59
Audi,Q5,2020,3460000,0,249,2.0,GASOLINE,ALL_WHEEL_DRIVE,AT,,,LEFT,,,GREY,WAUZZZFY4L2****83
Audi,Q5,2020,3460000,0,249,2.0,GASOLINE,ALL_WHEEL_DRIVE,AT,,,LEFT,,,BLUE,WAUZZZFY2L2****92
Audi,A6,2008,629000,176334,255,3.1,GASOLINE,ALL_WHEEL_DRIVE,AT,,,LEFT,,,GREY,
Audi,A4,2003,355000,333000,163,1.8,GASOLINE,FORWARD_CONTROL,MT,,4,LEFT,,,GREY,
Audi,A1,2010,500000,163000,122,1.4,GASOLINE,FORWARD_CONTROL,AT,HATCHBACK,3,LEFT,,,BROWN,
Audi,Q7,2006,647000,151381,350,4.2,GASOLINE,ALL_WHEEL_DRIVE,AT,,,LEFT,,,BLACK,
Audi,A4,2010,525000,160000,160,1.8,GASOLINE,FORWARD_CONTROL,AT,SEDAN,2,LEFT,,,WHITE,
Audi,Q3,2015,750000,50559,180,2.0,GASOLINE,ALL_WHEEL_DRIVE,AT,,,LEFT,,,,
Audi,Q5,2010,837000,119958,211,2.0,GASOLINE,ALL_WHEEL_DRIVE,AT,,,LEFT,,,BLACK,
Audi,A5,2019,3100000,28958,249,2.0,GASOLINE,ALL_WHEEL_DRIVE,AT,COUPE,2,LEFT,,,GREY,
Audi,Q5,2013,1460000,151655,177,2.0,DIESEL,ALL_WHEEL_DRIVE,AT,,,LEFT,,,GREY,
Audi,Q7,2006,759000,312241,233,3.0,DIESEL,ALL_WHEEL_DRIVE,AT,,,LEFT,,,GREY,
Audi,Q3,2017,1932700,85966,180,2.0,GASOLINE,ALL_WHEEL_DRIVE,AT,,,LEFT,,,WHITE,
Audi,A6,2003,369000,277928,170,2.4,GASOLINE,FORWARD_CONTROL,AT,SEDAN,2,LEFT,,,BLACK,
Audi,Q5,2014,1899000,81378,225,2.0,GASOLINE,ALL_WHEEL_DRIVE,AT,,,LEFT,,,BLACK,
Audi,A4,2016,2180000,62000,249,2.0,GASOLINE,ALL_WHEEL_DRIVE,AT,,,LEFT,,,GREY,
Audi,Q7,2016,3045900,120066,249,3.0,DIESEL,ALL_WHEEL_DRIVE,AT,,,LEFT,,,GREY,
Audi,A6,2006,465000,144240,,3.2,GASOLINE,ALL_WHEEL_DRIVE,AT,SEDAN,2,LEFT,,,BLACK,
Audi,Q7,2007,750000,171250,280,3.6,GASOLINE,ALL_WHEEL_DRIVE,AT,,,LEFT,,,BLACK,
Audi,A6,2012,1250000,113500,204,2.8,GASOLINE,ALL_WHEEL_DRIVE,AT,SEDAN,2,LEFT,,,BLACK,
Audi,Q5,2020,3602194,0,249,2.0,GASOLINE,ALL_WHEEL_DRIVE,AT,,,LEFT,,,WHITE,WAUZZZFY6L2****41
Audi,Q3,2020,3018808,0,180,2.0,GASOLINE,ALL_WHEEL_DRIVE,AT,,,LEFT,,,BLACK,WAUZZZF34M1****33
Audi,Q3,2020,3167980,0,180,2.0,GASOLINE,ALL_WHEEL_DRIVE,AT,,,LEFT,,,BLACK,WAUZZZF38M1****67
Audi,Q3,2020,2848380,0,180,2.0,GASOLINE,ALL_WHEEL_DRIVE,AT,,,LEFT,,,RED,WAUZZZF38M1****33
Audi,A8,2020,10050636,0,340,3.0,GASOLINE,ALL_WHEEL_DRIVE,AT,,,LEFT,,,BLUE,WAUZZZF85LN****87
Audi,A8,2020,8415534,0,340,3.0,GASOLINE,ALL_WHEEL_DRIVE,AT,,,LEFT,,,BLACK,WAUZZZF89LN****53
Audi,A6,2020,3753000,0,245,2.0,GASOLINE,ALL_WHEEL_DRIVE,AT,SEDAN,2,LEFT,,,SILVER,WAUZZZF21MN****44
Audi,A5,2020,3680000,0,249,2.0,GASOLINE,ALL_WHEEL_DRIVE,AT,,2,LEFT,,,WHITE,WAUZZZF53MA****95
Audi,A5,2020,3680000,0,249,2.0,GASOLINE,ALL_WHEEL_DRIVE,AT,,2,LEFT,,,BLACK,WAUZZZF54MA****45
Audi,A5,2020,3757808,0,249,2.0,GASOLINE,ALL_WHEEL_DRIVE,AT,,2,LEFT,,,GREY,WAUZZZF58MA****20
Audi,A5,2020,3680000,0,249,2.0,GASOLINE,ALL_WHEEL_DRIVE,AT,,2,LEFT,,,GREY,WAUZZZF56MA****96
Audi,A5,2020,3680000,0,249,2.0,GASOLINE,ALL_WHEEL_DRIVE,AT,,2,LEFT,,,RED,WAUZZZF5XMA****84
Audi,A5,2020,3757808,0,249,2.0,GASOLINE,ALL_WHEEL_DRIVE,AT,,2,LEFT,,,GREY,WAUZZZF53MA****37
Audi,A4,2020,2781028,0,150,2.0,GASOLINE,FORWARD_CONTROL,AT,SEDAN,2,LEFT,,,BLUE,WAUZZZF42MN****16
Audi,A4,2020,2781028,0,150,2.0,GASOLINE,FORWARD_CONTROL,AT,SEDAN,2,LEFT,,,BLUE,WAUZZZF48MN****64
Audi,A4,2020,2781028,0,150,2.0,GASOLINE,FORWARD_CONTROL,AT,SEDAN,2,LEFT,,,BLUE,WAUZZZF44MN****10
Audi,A4,2020,2656944,0,190,2.0,GASOLINE,FORWARD_CONTROL,AT,SEDAN,2,LEFT,,,GREY,WAUZZZF4XMA****39
Audi,A4,2020,2781028,0,150,2.0,GASOLINE,FORWARD_CONTROL,AT,SEDAN,2,LEFT,,,BLUE,WAUZZZF43MN****17
Audi,A4,2020,2599027,0,190,2.0,GASOLINE,FORWARD_CONTROL,AT,SEDAN,2,LEFT,,,BLACK,WAUZZZF4XMN****21
Audi,A4,2020,2697936,0,190,2.0,GASOLINE,FORWARD_CONTROL,AT,SEDAN,2,LEFT,,,GREY,WAUZZZF42MN****41
Audi,A4,2020,2755853,0,190,2.0,GASOLINE,FORWARD_CONTROL,AT,SEDAN,2,LEFT,,,GREY,WAUZZZF45MA****14
Audi,A4,2020,2781028,0,150,2.0,GASOLINE,FORWARD_CONTROL,AT,SEDAN,2,LEFT,,,WHITE,WAUZZZF43MN****08
Audi,A4,2020,2993340,0,249,2.0,GASOLINE,ALL_WHEEL_DRIVE,AT,SEDAN,2,LEFT,,,BLUE,WAUZZZF42MN****47
Audi,A4,2020,2781028,0,150,2.0,GASOLINE,FORWARD_CONTROL,AT,SEDAN,2,LEFT,,,WHITE,WAUZZZF44MN****22
Audi,A4,2020,2993340,0,249,2.0,GASOLINE,ALL_WHEEL_DRIVE,AT,SEDAN,2,LEFT,,,GREY,WAUZZZF47MN****08
Audi,A4,2020,2276004,0,150,2.0,GASOLINE,FORWARD_CONTROL,AT,SEDAN,2,LEFT,,,BLUE,WAUZZZF4XMA****90
Audi,A4,2020,2275000,0,150,2.0,GASOLINE,FORWARD_CONTROL,AT,SEDAN,2,LEFT,,,SILVER,WAUZZZF40MA****41
Audi,A4,2020,2275000,0,150,2.0,GASOLINE,FORWARD_CONTROL,AT,SEDAN,2,LEFT,,,GREY,WAUZZZF45MA****98
Audi,A4,2020,2275000,0,150,2.0,GASOLINE,FORWARD_CONTROL,AT,SEDAN,2,LEFT,,,WHITE,WAUZZZF42MA****88
Audi,A4,2020,2275000,0,150,2.0,GASOLINE,FORWARD_CONTROL,AT,SEDAN,2,LEFT,,,SILVER,WAUZZZF40MA****80
Audi,A4,2020,2275000,0,150,2.0,GASOLINE,FORWARD_CONTROL,AT,SEDAN,2,LEFT,,,SILVER,WAUZZZF40MA****88
Audi,A4,2020,2467428,0,190,2.0,GASOLINE,FORWARD_CONTROL,AT,SEDAN,2,LEFT,,,WHITE,WAUZZZF47MA****01
Audi,A4,2020,2467428,0,190,2.0,GASOLINE,FORWARD_CONTROL,AT,SEDAN,2,LEFT,,,WHITE,WAUZZZF44MA****83
Audi,A4,2020,2597599,0,190,2.0,GASOLINE,FORWARD_CONTROL,AT,SEDAN,2,LEFT,,,RED,WAUZZZF42MA****35
Audi,A4,2020,2599027,0,190,2.0,GASOLINE,FORWARD_CONTROL,AT,SEDAN,2,LEFT,,,WHITE,WAUZZZF48MN****42
Audi,A4,2020,2599027,0,190,2.0,GASOLINE,FORWARD_CONTROL,AT,SEDAN,2,LEFT,,,BLACK,WAUZZZF47MN****49
Audi,A4,2020,2389045,0,150,2.0,GASOLINE,FORWARD_CONTROL,AT,SEDAN,2,LEFT,,,GREY,WAUZZZF41MA****78
Audi,A4,2020,2277432,0,150,2.0,GASOLINE,FORWARD_CONTROL,AT,SEDAN,2,LEFT,,,BLUE,WAUZZZF41MA****57
Audi,A4,2020,2389045,0,150,2.0,GASOLINE,FORWARD_CONTROL,AT,SEDAN,2,LEFT,,,GREY,WAUZZZF41MA****90
Audi,A4,2020,2466000,0,190,2.0,GASOLINE,FORWARD_CONTROL,AT,SEDAN,2,LEFT,,,BLACK,WAUZZZF42MA****05
Audi,A4,2020,2466000,0,190,2.0,GASOLINE,FORWARD_CONTROL,AT,SEDAN,2,LEFT,,,GREY,WAUZZZF40MA****32
Audi,A4,2020,2467428,0,190,2.0,GASOLINE,FORWARD_CONTROL,AT,SEDAN,2,LEFT,,,BLACK,WAUZZZF43MA****75
Audi,A4,2020,2466000,0,190,2.0,GASOLINE,FORWARD_CONTROL,AT,SEDAN,2,LEFT,,,BLUE,WAUZZZF47MA****74
Audi,A4,2020,2466000,0,190,2.0,GASOLINE,FORWARD_CONTROL,AT,SEDAN,2,LEFT,,,GREY,WAUZZZF46MA****35
Audi,A4,2020,2466000,0,190,2.0,GASOLINE,FORWARD_CONTROL,AT,SEDAN,2,LEFT,,,BLUE,WAUZZZF43MA****03
Audi,A4,2020,2599027,0,190,2.0,GASOLINE,FORWARD_CONTROL,AT,SEDAN,2,LEFT,,,BLUE,WAUZZZF42MN****69
Audi,A4,2020,2276004,0,150,2.0,GASOLINE,FORWARD_CONTROL,AT,SEDAN,2,LEFT,,,GREY,WAUZZZF41MA****26
Audi,A4,2020,2277432,0,150,2.0,GASOLINE,FORWARD_CONTROL,AT,SEDAN,2,LEFT,,,BLACK,WAUZZZF42MA****66
Audi,A4,2020,2994768,0,249,2.0,GASOLINE,ALL_WHEEL_DRIVE,AT,SEDAN,2,LEFT,,,BLACK,WAUZZZF47MA****10
Audi,A4,2020,3440576,0,249,2.0,GASOLINE,ALL_WHEEL_DRIVE,AT,SEDAN,2,LEFT,,,BLUE,WAUZZZF41MA****12
Audi,A4,2020,2994768,0,249,2.0,GASOLINE,ALL_WHEEL_DRIVE,AT,SEDAN,2,LEFT,,,BLACK,WAUZZZF47MA****19
Audi,A4,2020,2994768,0,249,2.0,GASOLINE,ALL_WHEEL_DRIVE,AT,SEDAN,2,LEFT,,,BLUE,WAUZZZF4XMA****87
Audi,A4,2020,2994768,0,249,2.0,GASOLINE,ALL_WHEEL_DRIVE,AT,SEDAN,2,LEFT,,,GREY,WAUZZZF49MA****16
Audi,A4,2020,2994768,0,249,2.0,GASOLINE,ALL_WHEEL_DRIVE,AT,SEDAN,2,LEFT,,,WHITE,WAUZZZF41MA****21
Audi,A4,2020,2599027,0,190,2.0,GASOLINE,FORWARD_CONTROL,AT,SEDAN,2,LEFT,,,BLUE,WAUZZZF4XMN****81
Audi,A4,2020,2275000,0,150,2.0,GASOLINE,FORWARD_CONTROL,AT,SEDAN,2,LEFT,,,WHITE,WAUZZZF48MA****09
Audi,A4,2020,2275000,0,150,2.0,GASOLINE,FORWARD_CONTROL,AT,SEDAN,2,LEFT,,,WHITE,WAUZZZF49MA****33
Audi,A4,2020,2275000,0,150,2.0,GASOLINE,FORWARD_CONTROL,AT,SEDAN,2,LEFT,,,GREY,WAUZZZF47MA****09
Audi,A4,2020,2275000,0,150,2.0,GASOLINE,FORWARD_CONTROL,AT,SEDAN,2,LEFT,,,WHITE,WAUZZZF47MA****12
Audi,Q7,2017,4615000,33855,249,3.0,DIESEL,ALL_WHEEL_DRIVE,AT,,,LEFT,,,BLUE,
Audi,Q7,2016,2948000,177465,249,3.0,DIESEL,ALL_WHEEL_DRIVE,AT,,,LEFT,,,BLACK,
Audi,TT,2011,1497000,104257,211,2.0,GASOLINE,ALL_WHEEL_DRIVE,AT,COUPE,2,LEFT,,,WHITE,
Audi,Q7,2011,1345000,162271,238,3.0,DIESEL,ALL_WHEEL_DRIVE,AT,,,LEFT,,,RED,
Audi,Q3,2014,1240000,145000,170,2.0,GASOLINE,ALL_WHEEL_DRIVE,AT,,,LEFT,,,WHITE,
Audi,A3,2007,450000,142000,102,1.6,GASOLINE,FORWARD_CONTROL,AT,HATCHBACK,3,LEFT,,,BLACK,
Audi,A8,1996,299000,280000,230,3.7,GASOLINE,ALL_WHEEL_DRIVE,AT,,,LEFT,,,GREY,
Audi,A4,2004,345000,212030,130,2.0,GASOLINE,FORWARD_CONTROL,AT,SEDAN,2,LEFT,,,BLACK,
Audi,A8,2011,1249000,147000,372,4.2,GASOLINE,ALL_WHEEL_DRIVE,AT,,,LEFT,,,BLACK,
Audi,A5,2012,1099000,117203,272,3.0,GASOLINE,ALL_WHEEL_DRIVE,AT,COUPE,2,LEFT,,,WHITE,
Audi,A6,2015,1584000,137900,333,3.0,GASOLINE,ALL_WHEEL_DRIVE,AT,SEDAN,2,LEFT,,,BLACK,
Audi,A6,2003,329000,371579,180,2.5,DIESEL,ALL_WHEEL_DRIVE,AT,,4,LEFT,,,BLACK,
Audi,A6,2015,1625000,125978,333,3.0,GASOLINE,ALL_WHEEL_DRIVE,AT,SEDAN,2,LEFT,,,BLACK,
Audi,Q3,2017,1452000,103260,150,1.4,GASOLINE,FORWARD_CONTROL,AT,,,LEFT,,,BLUE,
Audi,Q5,2012,889000,165410,170,2.0,DIESEL,ALL_WHEEL_DRIVE,AT,,,LEFT,,,BLACK,
Audi,A5,2020,3800000,0,249,2.0,GASOLINE,ALL_WHEEL_DRIVE,AT,COUPE,2,LEFT,,,WHITE,WAUZZZF50MA****99
Audi,A5,2008,680000,151000,265,3.2,GASOLINE,ALL_WHEEL_DRIVE,AT,COUPE,2,LEFT,,,RED,
Audi,Q7,2009,900000,195000,280,3.6,GASOLINE,ALL_WHEEL_DRIVE,AT,,,LEFT,,,GREY,
Audi,A3,2013,765000,110000,122,1.4,GASOLINE,FORWARD_CONTROL,AT,SEDAN,2,LEFT,,,WHITE,
Audi,A5,2009,710000,78000,211,,GASOLINE,ALL_WHEEL_DRIVE,,COUPE,2,LEFT,,,BLACK,
Audi,A4,2019,2390000,12946,150,1.4,GASOLINE,FORWARD_CONTROL,AT,SEDAN,2,LEFT,,,BLACK,
Audi,Q7,2017,4075000,75264,249,3.0,DIESEL,ALL_WHEEL_DRIVE,AT,,,LEFT,,,BLUE,
Audi,A6,2015,1698000,79041,190,1.8,GASOLINE,FORWARD_CONTROL,AT,SEDAN,2,LEFT,,,WHITE,
Audi,Q5,2017,2318000,118749,249,2.0,GASOLINE,ALL_WHEEL_DRIVE,AT,,,LEFT,,,BLUE,
Audi,Q5,2012,999000,109366,271,3.2,GASOLINE,ALL_WHEEL_DRIVE,AT,,,LEFT,,,BROWN,
Audi,A4,2012,850000,128843,170,1.8,GASOLINE,FORWARD_CONTROL,AT,SEDAN,2,LEFT,,,BLACK,
Audi,Q7,2009,1299000,193400,326,4.1,DIESEL,ALL_WHEEL_DRIVE,AT,,,LEFT,,,GREY,
Audi,A4,1996,200000,,125,1.8,GASOLINE,FORWARD_CONTROL,MT,,4,LEFT,,,BLACK,
Audi,Q7,2017,3749000,85045,249,3.0,DIESEL,ALL_WHEEL_DRIVE,AT,,,LEFT,,,BLACK,
Audi,100,1986,68000,350000,138,2.2,GASOLINE,ALL_WHEEL_DRIVE,MT,SEDAN,2,LEFT,,,RED,
Audi,100,1986,49000,228000,90,1.8,GASOLINE,FORWARD_CONTROL,MT,SEDAN,2,LEFT,,,BLUE,
Audi,Q3,2014,1295000,96427,170,2.0,GASOLINE,ALL_WHEEL_DRIVE,AT,,,LEFT,,,BLACK,
Audi,Q3,2016,1250000,104544,,1.4,GASOLINE,FORWARD_CONTROL,,,,LEFT,,,RED,
Audi,A4,2020,3408192,0,249,2.0,GASOLINE,ALL_WHEEL_DRIVE,AT,,,LEFT,,,BLACK,WAUZZZF43MA****04
Audi,A6,2013,1675000,119081,310,3.0,GASOLINE,ALL_WHEEL_DRIVE,AT,,,LEFT,,,BLACK,
Audi,A4,2020,2700000,0,150,2.0,GASOLINE,FORWARD_CONTROL,AT,SEDAN,2,LEFT,,,GREY,WAUZZZF41MA****88
Audi,A4,2020,3461000,0,249,2.0,GASOLINE,ALL_WHEEL_DRIVE,AT,SEDAN,2,LEFT,,,GREY,WAUZZZF43MA****66
Audi,A4,2020,2900000,0,190,2.0,GASOLINE,FORWARD_CONTROL,AT,SEDAN,2,LEFT,,,BLUE,WAUZZZF47MN****47
Audi,A6,2013,1132000,158522,180,2.0,GASOLINE,FORWARD_CONTROL,AT,SEDAN,2,LEFT,,,WHITE,
Audi,Q5,2017,2747000,69041,249,2.0,GASOLINE,ALL_WHEEL_DRIVE,AT,,,LEFT,,,WHITE,
Audi,A6,2018,3833760,17267,340,3.0,GASOLINE,ALL_WHEEL_DRIVE,AT,SEDAN,2,LEFT,,,BLACK,
Audi,A8,2018,5828000,45084,340,3.0,GASOLINE,ALL_WHEEL_DRIVE,AT,,,LEFT,,,BLACK,
Audi,A4,2017,1470000,95160,150,1.4,GASOLINE,FORWARD_CONTROL,AT,SEDAN,2,LEFT,,,GREY,
Audi,A4,2017,1520000,105951,150,1.4,GASOLINE,FORWARD_CONTROL,AT,SEDAN,2,LEFT,,,GREY,
Audi,A5,2015,1324000,149584,225,2.0,GASOLINE,ALL_WHEEL_DRIVE,AT,COUPE,2,LEFT,,,WHITE,
Audi,Q3,2017,1569900,112655,180,2.0,GASOLINE,ALL_WHEEL_DRIVE,AT,,,LEFT,,,WHITE,
Audi,A4,2012,770000,246000,211,2.0,GASOLINE,FORWARD_CONTROL,AT,SEDAN,2,LEFT,,,WHITE,
Audi,S5,2009,1100000,75000,354,4.2,GASOLINE,ALL_WHEEL_DRIVE,AT,COUPE,2,LEFT,,,WHITE,
Audi,A4,2013,875000,120350,170,1.8,GASOLINE,FORWARD_CONTROL,AT,SEDAN,2,LEFT,,,BLACK,
Audi,Q8,2019,7350000,17450,249,3.0,DIESEL,ALL_WHEEL_DRIVE,AT,,,LEFT,,,GREY,
Audi,A6,2016,1580000,130000,190,1.8,GASOLINE,FORWARD_CONTROL,AT,SEDAN,2,LEFT,,,,
Audi,Q7,2008,820000,199000,350,4.2,GASOLINE,ALL_WHEEL_DRIVE,AT,,,LEFT,,,WHITE,
Audi,Q3,2013,1269000,75255,170,2.0,GASOLINE,ALL_WHEEL_DRIVE,AT,,,LEFT,,,ORANGE,
Audi,SQ8,2020,12350000,0,422,4.0,DIESEL,ALL_WHEEL_DRIVE,AT,,,LEFT,,,BLUE,WAUZZZF11LD****10
Audi,A4,2020,2712500,0,150,2.0,GASOLINE,FORWARD_CONTROL,AT,SEDAN,2,LEFT,,,GREY,WAUZZZF47MN****02
Audi,A4,2020,2612000,0,150,2.0,GASOLINE,FORWARD_CONTROL,AT,SEDAN,2,LEFT,,,BLUE,WAUZZZF46MA****21
Audi,A4,2020,2690000,0,190,2.0,GASOLINE,FORWARD_CONTROL,AT,SEDAN,2,LEFT,,,WHITE,WAUZZZF45MA****62
Audi,A4,2020,2690000,0,190,2.0,GASOLINE,FORWARD_CONTROL,AT,SEDAN,2,LEFT,,,BLUE,WAUZZZF47MA****20
Audi,A4,2020,2790000,0,190,2.0,GASOLINE,FORWARD_CONTROL,AT,SEDAN,2,LEFT,,,BLACK,WAUZZZF42MN****19
Audi,A4,2020,2790000,0,190,2.0,GASOLINE,FORWARD_CONTROL,AT,SEDAN,2,LEFT,,,WHITE,WAUZZZF40MA****07
Audi,A4,2020,3353400,0,249,2.0,GASOLINE,ALL_WHEEL_DRIVE,AT,SEDAN,2,LEFT,,,BLUE,WAUZZZF42MA****25
Audi,A4,2020,3353400,0,249,2.0,GASOLINE,ALL_WHEEL_DRIVE,AT,SEDAN,2,LEFT,,,BLACK,WAUZZZF47MA****86
Audi,A4,2020,2420000,0,150,2.0,GASOLINE,FORWARD_CONTROL,AT,SEDAN,2,LEFT,,,BLACK,WAUZZZF42MA****11
Audi,A4,2020,3353400,0,249,2.0,GASOLINE,ALL_WHEEL_DRIVE,AT,SEDAN,2,LEFT,,,WHITE,WAUZZZF44MA****60
Audi,A4,2020,2420000,0,150,2.0,GASOLINE,FORWARD_CONTROL,AT,SEDAN,2,LEFT,,,GREY,WAUZZZF47MA****04
Audi,A4,2020,2420000,0,150,2.0,GASOLINE,FORWARD_CONTROL,AT,SEDAN,2,LEFT,,,BLUE,WAUZZZF43MA****07
Audi,A4,2020,2420000,0,150,2.0,GASOLINE,FORWARD_CONTROL,AT,SEDAN,2,LEFT,,,GREY,WAUZZZF42MA****32
Audi,A4,2020,2420000,0,150,2.0,GASOLINE,FORWARD_CONTROL,AT,SEDAN,2,LEFT,,,WHITE,WAUZZZF46MA****95
Audi,A3,2015,1170000,90000,125,1.4,GASOLINE,FORWARD_CONTROL,AT,SEDAN,2,LEFT,,,WHITE,
Audi,A3,2013,850000,115000,125,1.4,GASOLINE,FORWARD_CONTROL,AT,SEDAN,2,LEFT,,,BLACK,
Audi,A3,2014,860000,178040,,1.4,GASOLINE,FORWARD_CONTROL,,SEDAN,2,LEFT,,,BLACK,
Audi,A6,2015,1698000,79476,190,1.8,GASOLINE,FORWARD_CONTROL,AT,SEDAN,2,LEFT,,,BLACK,
Audi,Q7,2008,889000,227000,238,3.0,DIESEL,ALL_WHEEL_DRIVE,AT,,,LEFT,,,GREY,
Audi,A1,2013,789000,86310,122,1.4,GASOLINE,FORWARD_CONTROL,AT,HATCHBACK,5,LEFT,,,ORANGE,
Audi,Q7,2010,1247000,268189,340,4.1,DIESEL,ALL_WHEEL_DRIVE,AT,,,LEFT,,,BLACK,
Audi,Q3,2016,1414000,123270,150,1.4,GASOLINE,FORWARD_CONTROL,AT,,,LEFT,,,BLACK,
Audi,S5,2012,1279000,87000,333,3.0,GASOLINE,ALL_WHEEL_DRIVE,AT,COUPE,2,LEFT,,,WHITE,
Audi,A6,2008,680000,291100,233,3.0,DIESEL,ALL_WHEEL_DRIVE,AT,,,LEFT,,,BLACK,
Audi,Q5,2016,2237000,73000,163,2.0,DIESEL,ALL_WHEEL_DRIVE,AT,,,LEFT,,,BLACK,
Audi,Q3,2012,1245000,48435,170,2.0,GASOLINE,ALL_WHEEL_DRIVE,AT,,,LEFT,,,BEIGE,
Audi,A8,2019,7106000,2956,340,3.0,GASOLINE,ALL_WHEEL_DRIVE,AT,,,LEFT,,,BLACK,
Audi,A8,2019,6799000,7032,340,3.0,GASOLINE,ALL_WHEEL_DRIVE,AT,,,LEFT,,,GREY,
Audi,80,1987,82000,272000,88,1.8,GASOLINE,FORWARD_CONTROL,MT,SEDAN,2,LEFT,,,GREY,
Audi,A6,1999,300000,350000,193,2.8,GASOLINE,ALL_WHEEL_DRIVE,MT,SEDAN,2,LEFT,,,BLUE,
Audi,A4,2011,650000,169500,160,1.8,GASOLINE,FORWARD_CONTROL,AT,,,LEFT,,,WHITE,
Audi,RS,2014,1750000,64000,310,2.5,GASOLINE,ALL_WHEEL_DRIVE,AT,,,LEFT,,,BLUE,
Audi,A3,2015,998500,107000,110,1.2,GASOLINE,FORWARD_CONTROL,AT,HATCHBACK,5,LEFT,,,WHITE,
Audi,Q3,2017,1919700,69236,180,2.0,GASOLINE,ALL_WHEEL_DRIVE,AT,,,LEFT,,,GREEN,
Audi,Q7,2017,3650000,74000,249,3.0,DIESEL,ALL_WHEEL_DRIVE,AT,,,LEFT,,,BLUE,
Audi,A6,2011,1289000,147759,245,3.0,DIESEL,ALL_WHEEL_DRIVE,AT,SEDAN,2,LEFT,,,WHITE,
Audi,S8,2016,5451147,43208,605,4.0,GASOLINE,ALL_WHEEL_DRIVE,AT,,,LEFT,,,BLACK,
Audi,Q3,2017,1840000,26159,150,1.4,GASOLINE,FORWARD_CONTROL,AT,,,LEFT,,,BLUE,
Audi,Q5,2016,2050000,66105,180,2.0,GASOLINE,ALL_WHEEL_DRIVE,AT,,,LEFT,,,BLUE,
Audi,Q7,2015,3100000,78623,333,3.0,GASOLINE,ALL_WHEEL_DRIVE,AT,,,LEFT,,,BLACK,
Audi,Q5,2014,1999999,87000,225,2.0,GASOLINE,ALL_WHEEL_DRIVE,AT,,,LEFT,,,GREY,
Audi,Q7,2016,3665000,62785,249,3.0,DIESEL,ALL_WHEEL_DRIVE,AT,,,LEFT,,,WHITE,
Audi,Q5,2013,1397000,138278,225,2.0,GASOLINE,ALL_WHEEL_DRIVE,AT,,,LEFT,,,WHITE,
Audi,A7,2016,2495000,68225,249,2.0,GASOLINE,ALL_WHEEL_DRIVE,AT,,,LEFT,,,BLACK,
Audi,A6,2011,840000,154400,300,3.0,GASOLINE,ALL_WHEEL_DRIVE,AT,SEDAN,2,LEFT,,,BLACK,
Audi,A3,2010,534000,87711,105,1.2,GASOLINE,FORWARD_CONTROL,AT,HATCHBACK,5,LEFT,,,WHITE,
Audi,A4,2013,1069000,91981,211,2.0,GASOLINE,ALL_WHEEL_DRIVE,AT,SEDAN,2,LEFT,,,WHITE,
Audi,A3,2012,815000,82000,180,1.8,GASOLINE,FORWARD_CONTROL,,HATCHBACK,5,,,,WHITE,
Audi,A1,2012,618000,119464,122,1.4,GASOLINE,FORWARD_CONTROL,AT,HATCHBACK,5,LEFT,,,RED,
Audi,A5,2017,2795000,23600,249,2.0,GASOLINE,ALL_WHEEL_DRIVE,AT,COUPE,2,LEFT,,,RED,
Audi,A7,2016,2427000,72444,249,2.0,GASOLINE,ALL_WHEEL_DRIVE,AT,,,LEFT,,,GREY,
Audi,A6,2016,1642105,57500,190,1.8,GASOLINE,FORWARD_CONTROL,AT,SEDAN,2,LEFT,,,BLACK,
Audi,A3,2020,1885900,0,150,1.4,GASOLINE,FORWARD_CONTROL,AT,SEDAN,2,LEFT,,,GREY,WAUZZZ8V5LA****89
Audi,Q5,2019,3597168,0,249,2.0,GASOLINE,ALL_WHEEL_DRIVE,AT,,,LEFT,,,BLACK,WAUZZZFY4L2****14
Audi,Q5,2019,3635000,0,249,2.0,GASOLINE,ALL_WHEEL_DRIVE,AT,,,LEFT,,,BLUE,WAUZZZFY6L2****43
Audi,e-tron,2020,7846900,0,408,,ELECTRO,ALL_WHEEL_DRIVE,AT,,,LEFT,,,BLACK,WAUZZZGE2LB****59
Audi,e-tron,2020,7930000,0,408,,ELECTRO,ALL_WHEEL_DRIVE,AT,,,LEFT,,,RED,WAUZZZGE8LB****67
Audi,Q3,2015,1555000,44016,180,2.0,GASOLINE,ALL_WHEEL_DRIVE,AT,,,LEFT,,,WHITE,
Audi,A7,2014,2142000,63776,333,3.0,GASOLINE,ALL_WHEEL_DRIVE,AT,,,LEFT,,,BLACK,
Audi,A4,2020,2562141,0,190,2.0,GASOLINE,FORWARD_CONTROL,AT,SEDAN,2,LEFT,,,BLACK,WAUZZZF46MA****71
Audi,Q3,2015,1448000,99251,180,2.0,GASOLINE,ALL_WHEEL_DRIVE,AT,,,LEFT,,,BLUE,
Audi,A5,2011,770000,154913,160,1.8,GASOLINE,FORWARD_CONTROL,AT,,2,LEFT,,,WHITE,
Audi,A4,2015,1049000,107300,120,1.8,GASOLINE,FORWARD_CONTROL,AT,SEDAN,2,LEFT,,,BLACK,
Audi,Q7,2017,3799000,63391,249,3.0,DIESEL,ALL_WHEEL_DRIVE,AT,,,LEFT,,,GREY,
Audi,A6,2004,435000,166000,177,2.4,GASOLINE,FORWARD_CONTROL,AT,SEDAN,2,LEFT,,,BLACK,
Audi,A6,2003,299000,240000,250,2.7,GASOLINE,ALL_WHEEL_DRIVE,AT,SEDAN,2,LEFT,,,BLACK,
Audi,RS7,2015,3160000,181055,560,4.0,GASOLINE,ALL_WHEEL_DRIVE,AT,,,LEFT,,,BLACK,
Audi,A6,1999,250000,226500,165,2.4,GASOLINE,FORWARD_CONTROL,AT,SEDAN,2,LEFT,,,BLUE,
Audi,A6,2020,3400000,2200,245,2.0,GASOLINE,ALL_WHEEL_DRIVE,AT,SEDAN,2,LEFT,,,BLUE,
Audi,Q8,2018,5200000,60000,340,3.0,GASOLINE,ALL_WHEEL_DRIVE,AT,,,LEFT,,,GREY,
Audi,Q7,2018,4299000,39388,249,3.0,DIESEL,ALL_WHEEL_DRIVE,AT,,,LEFT,,,WHITE,
Audi,Q3,2017,1671000,88917,180,2.0,GASOLINE,ALL_WHEEL_DRIVE,AT,,,LEFT,,,GREY,
Audi,A6,1999,230000,300000,,,,,,SEDAN,2,LEFT,,,GREEN,
Audi,Q5,2020,3810000,0,249,2.0,GASOLINE,ALL_WHEEL_DRIVE,AT,,,LEFT,,,BLUE,WAUZZZFY6L2****01
Audi,Q5,2020,3810000,0,249,2.0,GASOLINE,ALL_WHEEL_DRIVE,AT,,,LEFT,,,GREY,WAUZZZFY4L2****32
Audi,Q5,2020,3810000,0,249,2.0,GASOLINE,ALL_WHEEL_DRIVE,AT,,,LEFT,,,GREY,WAUZZZFY0L2****05
Audi,Q5,2020,3460000,0,249,2.0,GASOLINE,ALL_WHEEL_DRIVE,AT,,,LEFT,,,BLUE,WAUZZZFY0L2****44
Audi,Q5,2020,3810000,0,249,2.0,GASOLINE,ALL_WHEEL_DRIVE,AT,,,LEFT,,,WHITE,WAUZZZFY9L2****10
Audi,Q5,2020,3460000,0,249,2.0,GASOLINE,ALL_WHEEL_DRIVE,AT,,,LEFT,,,WHITE,WAUZZZFY1L2****89
Audi,Q5,2020,3460000,0,249,2.0,GASOLINE,ALL_WHEEL_DRIVE,AT,,,LEFT,,,BLUE,WAUZZZFY8L2****68
Audi,Q5,2020,3810000,0,249,2.0,GASOLINE,ALL_WHEEL_DRIVE,AT,,,LEFT,,,BLUE,WAUZZZFY1L2****31
Audi,Q5,2020,3460000,0,249,2.0,GASOLINE,ALL_WHEEL_DRIVE,AT,,,LEFT,,,GREY,WAUZZZFY6L2****21
Audi,Q5,2020,3810000,0,249,2.0,GASOLINE,ALL_WHEEL_DRIVE,AT,,,LEFT,,,BLUE,WAUZZZFY1L2****83
Audi,Q5,2020,3460000,0,249,2.0,GASOLINE,ALL_WHEEL_DRIVE,AT,,,LEFT,,,WHITE,WAUZZZFY8L2****12
Audi,Q5,2020,3460000,0,249,2.0,GASOLINE,ALL_WHEEL_DRIVE,AT,,,LEFT,,,GREY,WAUZZZFY5L2****36
Audi,Q5,2020,3460000,0,249,2.0,GASOLINE,ALL_WHEEL_DRIVE,AT,,,LEFT,,,BLUE,WAUZZZFY5L2****10
Audi,Q5,2020,3460000,0,249,2.0,GASOLINE,ALL_WHEEL_DRIVE,AT,,,LEFT,,,BLUE,WAUZZZFY0L2****91
Audi,Q5,2020,3460000,0,249,2.0,GASOLINE,ALL_WHEEL_DRIVE,AT,,,LEFT,,,GREY,WAUZZZFY3L2****54
Audi,Q5,2020,3810000,0,249,2.0,GASOLINE,ALL_WHEEL_DRIVE,AT,,,LEFT,,,BLACK,WAUZZZFY9L2****74
Audi,Q5,2020,3810000,0,249,2.0,GASOLINE,ALL_WHEEL_DRIVE,AT,,,LEFT,,,BLUE,WAUZZZFY3L2****79
Audi,Q5,2020,3460000,0,249,2.0,GASOLINE,ALL_WHEEL_DRIVE,AT,,,LEFT,,,BLACK,WAUZZZFY4L2****89
Audi,Q5,2020,3460000,0,249,2.0,GASOLINE,ALL_WHEEL_DRIVE,AT,,,LEFT,,,BLACK,WAUZZZFY6L2****19
Audi,Q5,2020,3460000,0,249,2.0,GASOLINE,ALL_WHEEL_DRIVE,AT,,,LEFT,,,BLUE,WAUZZZFY0L2****37
Audi,Q5,2020,3460000,0,249,2.0,GASOLINE,ALL_WHEEL_DRIVE,AT,,,LEFT,,,BLUE,WAUZZZFY9L2****41
Audi,Q5,2020,3460000,0,249,2.0,GASOLINE,ALL_WHEEL_DRIVE,AT,,,LEFT,,,BLACK,WAUZZZFY5L2****83
Audi,Q5,2020,3460000,0,249,2.0,GASOLINE,ALL_WHEEL_DRIVE,AT,,,LEFT,,,BLUE,WAUZZZFY2L2****02
Audi,Q5,2020,3460000,0,249,2.0,GASOLINE,ALL_WHEEL_DRIVE,AT,,,LEFT,,,BLUE,WAUZZZFY5L2****72
Audi,Q5,2020,3810000,0,249,2.0,GASOLINE,ALL_WHEEL_DRIVE,AT,,,LEFT,,,BLACK,WAUZZZFY2L2****10
Audi,Q5,2020,3810000,0,249,2.0,GASOLINE,ALL_WHEEL_DRIVE,AT,,,LEFT,,,WHITE,WAUZZZFY7L2****96
Audi,Q5,2020,4349000,0,249,3.0,DIESEL,ALL_WHEEL_DRIVE,AT,,,LEFT,,,GREY,WAUZZZFY9L2****45
Audi,Q5,2020,3460000,0,249,2.0,GASOLINE,ALL_WHEEL_DRIVE,AT,,,LEFT,,,BLACK,WAUZZZFY9L2****59
Audi,A6,2020,3795000,1980,190,2.0,GASOLINE,FORWARD_CONTROL,AT,SEDAN,2,LEFT,,,BLACK,
Audi,A6,2016,1595000,113863,190,1.8,GASOLINE,FORWARD_CONTROL,AT,SEDAN,2,LEFT,,,BLACK,
Audi,Q3,2012,1288000,47400,170,2.0,GASOLINE,ALL_WHEEL_DRIVE,AT,,,LEFT,,,SILVER,
Audi,A4,1998,220000,190000,165,2.4,GASOLINE,ALL_WHEEL_DRIVE,AT,SEDAN,2,LEFT,,,BLUE,
Audi,A4,1996,175000,,125,1.8,GASOLINE,FORWARD_CONTROL,AT,SEDAN,2,LEFT,,,BLUE,
Audi,A6,2011,950000,150000,180,2.0,GASOLINE,FORWARD_CONTROL,AT,SEDAN,2,LEFT,,,WHITE,
Audi,Q7,2006,150000,70000,233,3.0,DIESEL,ALL_WHEEL_DRIVE,AT,,,LEFT,,,GREY,
Audi,Q7,2019,6081690,18617,249,3.0,DIESEL,ALL_WHEEL_DRIVE,AT,,,LEFT,,,BLACK,
Audi,Q7,2009,899000,109000,326,4.1,DIESEL,ALL_WHEEL_DRIVE,AT,,,LEFT,,,SILVER,
Audi,A4,2015,1099000,88000,170,1.8,GASOLINE,FORWARD_CONTROL,AT,SEDAN,2,LEFT,,,WHITE,
Audi,Q5,2016,1795000,120843,180,2.0,GASOLINE,ALL_WHEEL_DRIVE,AT,,,LEFT,,,BLUE,
Audi,Q7,2013,2420000,91700,245,3.0,DIESEL,ALL_WHEEL_DRIVE,AT,,,LEFT,,,BLACK,
Audi,A8,2019,6834000,11898,249,3.0,DIESEL,ALL_WHEEL_DRIVE,AT,,,LEFT,,,BLACK,
Audi,A3,2018,1570000,45279,150,1.4,GASOLINE,FORWARD_CONTROL,AT,SEDAN,2,LEFT,,,GREY,
Audi,A4,2020,4043892,0,249,2.0,GASOLINE,ALL_WHEEL_DRIVE,AT,,,LEFT,,,BLUE,WAUZZZF41MA****11
Audi,A4,2020,3599064,0,249,2.0,GASOLINE,ALL_WHEEL_DRIVE,AT,,,LEFT,,,BLUE,WAUZZZF42MA****43
Audi,Q5,2010,830000,130067,,2.0,GASOLINE,ALL_WHEEL_DRIVE,AT,,,,,,GREY,
Audi,A3,2018,1300000,53650,150,1.4,GASOLINE,FORWARD_CONTROL,AT,SEDAN,2,LEFT,,,BLACK,
Audi,A4,2015,1345000,144744,225,2.0,GASOLINE,ALL_WHEEL_DRIVE,AT,SEDAN,2,LEFT,,,BROWN,
Audi,Q3,2017,1710000,107531,180,2.0,GASOLINE,ALL_WHEEL_DRIVE,AT,,,LEFT,,,GREY,
Audi,100,1993,150000,378000,115,2.0,GASOLINE,FORWARD_CONTROL,MT,SEDAN,2,LEFT,,,BLUE,
Audi,A3,2015,1050000,112315,125,1.4,GASOLINE,FORWARD_CONTROL,AT,SEDAN,2,LEFT,,,WHITE,
Audi,R8,2007,3300000,10997,420,4.2,GASOLINE,ALL_WHEEL_DRIVE,AT,COUPE,2,LEFT,,,RED,
Audi,Q3,2017,1270000,90862,150,1.4,GASOLINE,FORWARD_CONTROL,AT,,,LEFT,,,BLACK,
Audi,A3,2017,1110000,90945,150,1.4,GASOLINE,FORWARD_CONTROL,AT,SEDAN,2,LEFT,,,BLACK,
Audi,A3,2017,1130000,94918,150,1.4,GASOLINE,FORWARD_CONTROL,AT,SEDAN,2,LEFT,,,BLACK,
Audi,A3,2017,1110000,92365,150,1.4,GASOLINE,FORWARD_CONTROL,AT,SEDAN,2,LEFT,,,BLACK,
Audi,Q3,2012,1038406,170386,170,2.0,GASOLINE,ALL_WHEEL_DRIVE,AT,,,LEFT,,,GREY,
Audi,Q3,2015,1395000,112525,180,2.0,GASOLINE,ALL_WHEEL_DRIVE,AT,,,LEFT,,,GREY,
Audi,A5,2008,557000,89466,265,3.2,GASOLINE,ALL_WHEEL_DRIVE,AT,COUPE,2,LEFT,,,BLUE,
Audi,A4,2007,500000,222000,163,1.8,GASOLINE,FORWARD_CONTROL,MT,,4,LEFT,,,GREEN,
