Brand,Model,Price,Year,Mileage,Engine_type,Transmission,Color,Bodywork,Doors_num,Steering_wheel,Vin,Owners_num,Tech_condition,Horsepower,Engine_capacity
Audi,A4,1 699 000 q,,102 000,бензин,автомат,белый,седан,,левый,,,,249 л.с.,2.0
Audi,Q5,3 505 000 q,,0,бензин,автомат,черный,,,левый,WAUZZZFY6L2****73,,,249 л.с.,2.0
Audi,Q5,3 610 222 q,,0,бензин,автомат,серый,,,левый,WAUZZZFY8L2****27,,,249 л.с.,2.0
Audi,Q5,3 810 000 q,,0,бензин,автомат,синий,,,левый,WAUZZZFY9L2****63,,,249 л.с.,2.0
Audi,A3,2 016 000 q,,0,бензин,автомат,серебристый,седан,,левый,WAUZZZ8V1LA****35,,,150 л.с.,1.4
Audi,A4,1 769 000 q,,103 421,бензин,автомат,белый,седан,,левый,,,,249 л.с.,2.0
Audi,A6,1 249 000 q,,113 711,бензин,автомат,белый,седан,,левый,,,,204 л.с.,2.8
Audi,A3,764 000 q,,107 300,бензин,автомат,красный,хэтчбек 5 дв.,,левый,,,,122 л.с.,1.4
Audi,Q7,2 740 000 q,,159 686,дизель,автомат,серый,,,левый,,,,249 л.с.,3.0
Audi,Q7,4 575 000 q,,17 610,дизель,автомат,синий,,,левый,,,,249 л.с.,3.0
Audi,A1,856 900 q,,93 500,бензин,автомат,белый,хэтчбек 5 дв.,,левый,,,,122 л.с.,1.4
Audi,Q3,1 368 400 q,,121 302,бензин,автомат,коричневый,,,левый,,,,170 л.с.,2.0
Audi,A6,900 000 q,,189 000,бензин,автомат,серебристый,седан,,левый,,,,204 л.с.,2.8
Audi,Q5,3 505 000 q,,0,бензин,автомат,белый,,,левый,WAUZZZFY6L2****18,,,249 л.с.,2.0
Audi,Q5,3 540 000 q,,0,бензин,автомат,белый,,,левый,WAUZZZFY5L2****21,,,249 л.с.,2.0
Audi,Q5,3 810 000 q,,0,бензин,автомат,белый,,,левый,WAUZZZFY2L2****92,,,249 л.с.,2.0
Audi,Q5,3 540 000 q,,0,бензин,автомат,черный,,,левый,WAUZZZFY4L2****50,,,249 л.с.,2.0
Audi,Q5,3 540 000 q,,0,бензин,автомат,синий,,,левый,WAUZZZFY3L2****83,,,249 л.с.,2.0
Audi,Q5,3 540 000 q,,0,бензин,автомат,белый,,,левый,WAUZZZFY0L2****80,,,249 л.с.,2.0
Audi,Q5,3 505 000 q,,0,бензин,автомат,серый,,,левый,WAUZZZFY8L2****83,,,249 л.с.,2.0
Audi,Q5,3 505 000 q,,0,бензин,автомат,серебристый,,,левый,WAUZZZFY3L2****15,,,249 л.с.,2.0
Audi,Q5,3 540 000 q,,0,бензин,автомат,черный,,,левый,WAUZZZFY5L2****72,,,249 л.с.,2.0
Audi,Q3,1 650 000 q,,55 000,бензин,автомат,белый,,,левый,,,,150 л.с.,1.4
Audi,A4,145 000 q,,350 000,бензин,механика,черный,седан,,левый,,,,101 л.с.,1.6
Audi,Q3,750 000 q,,140 000,бензин,автомат,черный,,,левый,,,,170 л.с.,2.0
Audi,A4,615 000 q,,155 000,бензин,автомат,красный,седан,,левый,,,,160 л.с.,1.8
Audi,Q5,1 995 000 q,,87 000,дизель,автомат,белый,,,левый,,,,245 л.с.,3.0
Audi,A1,624 000 q,,83 000,бензин,автомат,,хэтчбек 5 дв.,,левый,,,,122 л.с.,1.4
Audi,A6,3 399 900 q,,3 753,бензин,автомат,синий,седан,,левый,,,,245 л.с.,2.0
Audi,TT,1 049 000 q,,173 854,бензин,автомат,красный,купе,,левый,,,,211 л.с.,2.0
Audi,A8,1 000 000 q,,262 700,бензин,автомат,черный,,,левый,,,,290 л.с.,3.0
Audi,Q3,1 090 000 q,,100 679,бензин,автомат,черный,,,левый,,,,170 л.с.,2.0
Audi,A6,1 990 000 q,,23 038,бензин,автомат,черный,седан,,левый,,,,190 л.с.,1.8
Audi,Q8,6 251 000 q,,18 282,дизель,автомат,синий,,,левый,,,,249 л.с.,3.0
Audi,A3,1 465 000 q,,44 982,бензин,автомат,белый,хэтчбек 5 дв.,,левый,,,,150 л.с.,1.4
Audi,A3,610 000 q,,94 600,бензин,автомат,белый,хэтчбек 5 дв.,,левый,,,,105 л.с.,1.2
Audi,A7,4 390 000 q,,69 412,бензин,автомат,синий,,,левый,,,,340 л.с.,3.0
Audi,Q3,1 340 000 q,,90 493,бензин,автомат,черный,,,левый,,,,150 л.с.,1.4
Audi,Q3,1 250 000 q,,81 027,бензин,автомат,черный,,,левый,,,,150 л.с.,1.4
Audi,A8,8 190 000 q,,0,бензин,автомат,черный,,,левый,WAUZZZF89KN****05,,,460 л.с.,4.0
Audi,Q5,3 505 000 q,,0,бензин,автомат,серый,,,левый,WAUZZZFY0L2****83,,,249 л.с.,2.0
Audi,Q5,998 000 q,,110 665,бензин,автомат,красный,,,левый,,,,211 л.с.,2.0
Audi,A8,1 295 000 q,,139 642,бензин,автомат,черный,,,левый,,,,290 л.с.,3.0
Audi,Q3,895 000 q,,156 797,бензин,автомат,бежевый,,,левый,,,,150 л.с.,1.4
Audi,A5,860 000 q,,198 000,бензин,автомат,черный,купе,,левый,,,,211 л.с.,2.0
Audi,A3,1 800 000 q,,29 400,бензин,автомат,синий,седан,,левый,,,,150 л.с.,1.4
Audi,A4,800 000 q,,135 000,бензин,автомат,черный,седан,,левый,,,,170 л.с.,1.8
Audi,A6,3 390 000 q,,1 228,бензин,автомат,черный,седан,,левый,,,,245 л.с.,2.0
Audi,A4,524 000 q,,157 321,бензин,автомат,серый,седан,,левый,,,,130 л.с.,2.0
Audi,Q3,1 579 000 q,,90 705,бензин,автомат,белый,,,левый,,,,180 л.с.,2.0
Audi,Q7,3 548 000 q,,70 978,дизель,автомат,коричневый,,,левый,,,,249 л.с.,3.0
Audi,Q3,1 950 000 q,,29 640,бензин,автомат,белый,,,левый,,,,180 л.с.,2.0
Audi,Q7,4 534 000 q,,21 813,дизель,автомат,черный,,,левый,,,,249 л.с.,3.0
Audi,A5,1 597 000 q,,115 619,бензин,автомат,белый,купе,,левый,,,,225 л.с.,2.0
Audi,A6,2 701 000 q,,0,бензин,автомат,черный,седан,,левый,WAUZZZF26LN****95,,,190 л.с.,2.0
Audi,Q5,1 218 000 q,,179 167,бензин,автомат,серый,,,левый,,,,225 л.с.,2.0
Audi,A7,5 550 000 q,,19 936,бензин,автомат,синий,,,левый,,,,340 л.с.,3.0
Audi,Q5,3 540 000 q,,0,бензин,автомат,белый,,,левый,WAUZZZFY8L2****30,,,249 л.с.,2.0
Audi,Q5,3 810 000 q,,0,бензин,автомат,синий,,,левый,WAUZZZFY2L2****38,,,249 л.с.,2.0
Audi,Q5,3 810 000 q,,0,бензин,автомат,серый,,,левый,WAUZZZFY4L2****25,,,249 л.с.,2.0
Audi,Q5,3 702 999 q,,0,бензин,автомат,синий,,,левый,WAUZZZFY9L2****19,,,249 л.с.,2.0
Audi,Q7,1 500 000 q,,167 000,дизель,автомат,коричневый,,,левый,,,,245 л.с.,3.0
Audi,A6,745 000 q,,233 800,дизель,автомат,черный,седан,,левый,,,,170 л.с.,2.0
Audi,Q7,1 435 000 q,,130 250,бензин,автомат,черный,,,левый,,,,272 л.с.,3.0
Audi,A4,1 280 000 q,,106 749,бензин,автомат,черный,седан,,левый,,,,150 л.с.,1.4
Audi,A6,319 000 q,,220 900,бензин,автомат,черный,седан,,левый,,,,220 л.с.,3.0
Audi,Q3,2 847 000 q,,1 677,бензин,автомат,красный,,,левый,,,,150 л.с.,1.4
Audi,Q3,1 625 000 q,,84 720,бензин,автомат,белый,,,левый,,,,180 л.с.,2.0
Audi,Q5,1 870 000 q,,42 602,бензин,автомат,черный,,,левый,,,,225 л.с.,2.0
Audi,Q5,2 639 900 q,,58 850,бензин,автомат,белый,,,левый,,,,249 л.с.,2.0
Audi,A4,170 000 q,,178 077,бензин,автомат,серый,универсал,,левый,,,,125 л.с.,1.8
Audi,Q7,1 745 000 q,,154 000,дизель,автомат,черный,,,левый,,,,245 л.с.,3.0
Audi,A4,1 650 000 q,,137 570,бензин,автомат,коричневый,универсал,,левый,,,,224 л.с.,2.0
Audi,Q3,1 365 000 q,,65 998,бензин,автомат,белый,,,левый,,,,170 л.с.,2.0
Audi,A4,555 000 q,,139 232,бензин,,черный,седан,,левый,,,,,2.0
Audi,A8,8 760 953 q,,0,бензин,автомат,синий,,,левый,WAUZZZF83KN****60,,,340 л.с.,3.0
Audi,A8,8 490 000 q,,0,бензин,автомат,черный,,,левый,WAUZZZF82KN****45,,,340 л.с.,3.0
Audi,A8,7 290 000 q,,0,дизель,автомат,черный,,,левый,WAUZZZF86KN****70,,,249 л.с.,3.0
Audi,A8,7 500 000 q,,0,бензин,автомат,серый,,,левый,WAUZZZF89LN****67,,,340 л.с.,3.0
Audi,SQ8,12 800 000 q,,0,дизель,автомат,синий,,,левый,WAUZZZF11LD****11,,,422 л.с.,4.0
Audi,Q5,1 190 000 q,,89 000,бензин,автомат,белый,,,левый,,,,211 л.с.,2.0
Audi,A8,2 087 000 q,,83 397,бензин,автомат,черный,,,левый,,,,310 л.с.,3.0
Audi,A3,565 000 q,,110 000,бензин,автомат,серый,хэтчбек 5 дв.,,левый,,,,125 л.с.,1.4
Audi,Q5,3 540 000 q,,0,бензин,автомат,черный,,,левый,WAUZZZFY3L2****01,,,249 л.с.,2.0
Audi,Q5,3 670 000 q,,0,бензин,автомат,белый,,,левый,WAUZZZFY8L2****23,,,249 л.с.,2.0
Audi,Q5,1 049 000 q,,91 000,бензин,автомат,серебристый,,,левый,,,,271 л.с.,3.2
Audi,Q5,3 625 000 q,,0,бензин,автомат,белый,,,левый,WAUZZZFY9L2****55,,,249 л.с.,2.0
Audi,Q5,3 625 000 q,,0,бензин,автомат,белый,,,левый,WAUZZZFY4L2****30,,,249 л.с.,2.0
Audi,Q5,3 625 000 q,,0,бензин,автомат,серый,,,левый,WAUZZZFY4L2****82,,,249 л.с.,2.0
Audi,Q5,3 625 000 q,,0,бензин,автомат,белый,,,левый,WAUZZZFY4L2****11,,,249 л.с.,2.0
Audi,Q5,3 625 000 q,,0,бензин,автомат,серебристый,,,левый,WAUZZZFY9L2****00,,,249 л.с.,2.0
Audi,Q5,3 625 000 q,,0,бензин,автомат,серебристый,,,левый,WAUZZZFY0L2****75,,,249 л.с.,2.0
Audi,A4,460 000 q,,268 405,бензин,автомат,синий,седан,,левый,,,,163 л.с.,1.8
Audi,A4,899 000 q,,103 000,бензин,автомат,белый,седан,,левый,,,,211 л.с.,2.0
Audi,Q8,6 998 000 q,,9 170,дизель,автомат,серый,,,левый,,,,249 л.с.,3.0
Audi,A4,99 000 q,,311 507,бензин,механика,черный,седан,,левый,,,,125 л.с.,1.8
Audi,A1,679 000 q,,82 225,бензин,автомат,красный,хэтчбек 5 дв.,,левый,,,,122 л.с.,1.4
Audi,A5,879 000 q,,122 759,бензин,автомат,белый,купе,,левый,,,,160 л.с.,1.8
Audi,A1,569 000 q,,103 239,бензин,автомат,белый,хэтчбек 5 дв.,,левый,,,,122 л.с.,1.4
Audi,A4,829 000 q,,94 926,бензин,автомат,белый,седан,,левый,,,,211 л.с.,2.0
Audi,A5,839 000 q,,106 302,бензин,автомат,белый,купе,,левый,,,,211 л.с.,2.0
Audi,Q5,1 050 000 q,,186 925,дизель,автомат,черный,,,левый,,,,170 л.с.,2.0
Audi,A6,547 000 q,,165 220,дизель,автомат,голубой,седан,,левый,,,,140 л.с.,2.0
Audi,Q7,2 275 000 q,,101 837,дизель,автомат,черный,,,левый,,,,245 л.с.,3.0
Audi,A7,1 570 000 q,,180 746,дизель,автомат,черный,,,левый,,,,245 л.с.,3.0
Audi,A3,508 000 q,,167 936,бензин,автомат,белый,хэтчбек 5 дв.,,левый,,,,105 л.с.,1.2
Audi,Q7,3 899 000 q,,74 225,дизель,автомат,черный,,,,,,,,3.0
Audi,Q5,1 920 000 q,,102 541,бензин,автомат,белый,,,левый,,,,230 л.с.,2.0
Audi,Q7,4 715 586 q,,28 395,дизель,автомат,серый,,,левый,,,,249 л.с.,3.0
Audi,TT,852 000 q,,110 658,бензин,автомат,черный,купе,,левый,,,,200 л.с.,2.0
Audi,S5,1 324 000 q,,128 286,бензин,автомат,красный,купе,,левый,,,,354 л.с.,4.2
Audi,A3,614 000 q,,95 120,бензин,автомат,черный,хэтчбек 5 дв.,,левый,,,,160 л.с.,1.8
Audi,A5,2 890 000 q,,30 163,дизель,автомат,зеленый,лифтбек,,левый,,,,190 л.с.,2.0
Audi,A3,1 885 000 q,,1 850,бензин,автомат,серый,седан,,левый,,,,150 л.с.,1.4
Audi,Q5,1 649 000 q,,81 205,дизель,автомат,черный,,,левый,,,,245 л.с.,3.0
Audi,Q5,859 000 q,,80 115,бензин,автомат,бежевый,,,левый,,,,211 л.с.,2.0
Audi,A6,900 000 q,,250 000,бензин,автомат,черный,седан,,левый,,,,180 л.с.,2.0
Audi,Q7,3 290 000 q,,70 986,дизель,автомат,бежевый,,,левый,,,,249 л.с.,3.0
Audi,Q5,3 502 360 q,,0,бензин,автомат,синий,,,левый,WAUZZZFY1L2****57,,,249 л.с.,2.0
Audi,A8,10 638 000 q,,0,бензин,автомат,черный,,,левый,WAUZZZF83KN****98,,,460 л.с.,4.0
Audi,Q5,3 540 000 q,,0,бензин,автомат,красный,,,левый,WAUZZZFY9L2****18,,,249 л.с.,2.0
Audi,A8,10 638 000 q,,0,бензин,автомат,черный,,,левый,WAUZZZF86KN****36,,,460 л.с.,4.0
Audi,A8,10 638 000 q,,0,бензин,автомат,черный,,,левый,WAUZZZF80KN****52,,,460 л.с.,4.0
Audi,Q5,3 810 000 q,,0,бензин,автомат,черный,,,левый,WAUZZZFY6L2****59,,,249 л.с.,2.0
Audi,Q5,3 460 000 q,,0,бензин,автомат,серый,,,левый,WAUZZZFY4L2****83,,,249 л.с.,2.0
Audi,Q5,3 460 000 q,,0,бензин,автомат,синий,,,левый,WAUZZZFY2L2****92,,,249 л.с.,2.0
Audi,A6,629 000 q,,176 334,бензин,автомат,серый,,,левый,,,,255 л.с.,3.1
Audi,A4,355 000 q,,333 000,бензин,механика,серый,универсал,,левый,,,,163 л.с.,1.8
Audi,A1,500 000 q,,163 000,бензин,автомат,коричневый,хэтчбек 3 дв.,,левый,,,,122 л.с.,1.4
Audi,Q7,667 000 q,,151 381,бензин,автомат,черный,,,левый,,,,350 л.с.,4.2
Audi,A4,525 000 q,,160 000,бензин,автомат,белый,седан,,левый,,,,160 л.с.,1.8
Audi,Q3,750 000 q,,50 559,бензин,автомат,,,,левый,,,,180 л.с.,2.0
Audi,Q5,837 000 q,,119 958,бензин,автомат,черный,,,левый,,,,211 л.с.,2.0
Audi,A5,3 100 000 q,,28 958,бензин,автомат,серый,купе,,левый,,,,249 л.с.,2.0
Audi,Q5,1 460 000 q,,151 655,дизель,автомат,серый,,,левый,,,,177 л.с.,2.0
Audi,Q7,759 000 q,,312 241,дизель,автомат,серый,,,левый,,,,233 л.с.,3.0
Audi,Q3,1 932 700 q,,85 966,бензин,автомат,белый,,,левый,,,,180 л.с.,2.0
Audi,A6,375 000 q,,277 928,бензин,автомат,черный,седан,,левый,,,,170 л.с.,2.4
Audi,Q5,1 899 000 q,,81 378,бензин,автомат,черный,,,левый,,,,225 л.с.,2.0
Audi,A4,2 180 000 q,,62 000,бензин,автомат,серый,,,левый,,,,249 л.с.,2.0
Audi,Q7,3 045 900 q,,120 066,дизель,автомат,серый,,,левый,,,,249 л.с.,3.0
Audi,A6,465 000 q,,144 240,бензин,автомат,черный,седан,,левый,,,,,3.2
Audi,Q7,750 000 q,,171 250,бензин,автомат,черный,,,левый,,,,280 л.с.,3.6
Audi,A6,1 250 000 q,,113 500,бензин,автомат,черный,седан,,левый,,,,204 л.с.,2.8
Audi,Q5,3 602 194 q,,0,бензин,автомат,белый,,,левый,WAUZZZFY6L2****41,,,249 л.с.,2.0
Audi,Q3,3 018 808 q,,0,бензин,автомат,черный,,,левый,WAUZZZF34M1****33,,,180 л.с.,2.0
Audi,Q3,3 167 980 q,,0,бензин,автомат,черный,,,левый,WAUZZZF38M1****67,,,180 л.с.,2.0
Audi,Q3,2 848 380 q,,0,бензин,автомат,красный,,,левый,WAUZZZF38M1****33,,,180 л.с.,2.0
Audi,A8,10 050 636 q,,0,бензин,автомат,синий,,,левый,WAUZZZF85LN****87,,,340 л.с.,3.0
Audi,A8,8 415 534 q,,0,бензин,автомат,черный,,,левый,WAUZZZF89LN****53,,,340 л.с.,3.0
Audi,A6,3 753 000 q,,0,бензин,автомат,серебристый,седан,,левый,WAUZZZF21MN****44,,,245 л.с.,2.0
Audi,A5,3 680 000 q,,0,бензин,автомат,белый,лифтбек,,левый,WAUZZZF53MA****95,,,249 л.с.,2.0
Audi,A5,3 680 000 q,,0,бензин,автомат,черный,лифтбек,,левый,WAUZZZF54MA****45,,,249 л.с.,2.0
Audi,A5,3 757 808 q,,0,бензин,автомат,серый,лифтбек,,левый,WAUZZZF58MA****20,,,249 л.с.,2.0
Audi,A5,3 680 000 q,,0,бензин,автомат,серый,лифтбек,,левый,WAUZZZF56MA****96,,,249 л.с.,2.0
Audi,A5,3 680 000 q,,0,бензин,автомат,красный,лифтбек,,левый,WAUZZZF5XMA****84,,,249 л.с.,2.0
Audi,A5,3 757 808 q,,0,бензин,автомат,серый,лифтбек,,левый,WAUZZZF53MA****37,,,249 л.с.,2.0
Audi,A4,2 781 028 q,,0,бензин,автомат,синий,седан,,левый,WAUZZZF42MN****16,,,150 л.с.,2.0
Audi,A4,2 781 028 q,,0,бензин,автомат,синий,седан,,левый,WAUZZZF48MN****64,,,150 л.с.,2.0
Audi,A4,2 781 028 q,,0,бензин,автомат,синий,седан,,левый,WAUZZZF44MN****10,,,150 л.с.,2.0
Audi,A4,2 656 944 q,,0,бензин,автомат,серый,седан,,левый,WAUZZZF4XMA****39,,,190 л.с.,2.0
Audi,A4,2 781 028 q,,0,бензин,автомат,синий,седан,,левый,WAUZZZF43MN****17,,,150 л.с.,2.0
Audi,A4,2 599 027 q,,0,бензин,автомат,черный,седан,,левый,WAUZZZF4XMN****21,,,190 л.с.,2.0
Audi,A4,2 697 936 q,,0,бензин,автомат,серый,седан,,левый,WAUZZZF42MN****41,,,190 л.с.,2.0
Audi,A4,2 755 853 q,,0,бензин,автомат,серый,седан,,левый,WAUZZZF45MA****14,,,190 л.с.,2.0
Audi,A4,2 781 028 q,,0,бензин,автомат,белый,седан,,левый,WAUZZZF43MN****08,,,150 л.с.,2.0
Audi,A4,2 993 340 q,,0,бензин,автомат,синий,седан,,левый,WAUZZZF42MN****47,,,249 л.с.,2.0
Audi,A4,2 781 028 q,,0,бензин,автомат,белый,седан,,левый,WAUZZZF44MN****22,,,150 л.с.,2.0
Audi,A4,2 993 340 q,,0,бензин,автомат,серый,седан,,левый,WAUZZZF47MN****08,,,249 л.с.,2.0
Audi,A4,2 276 004 q,,0,бензин,автомат,синий,седан,,левый,WAUZZZF4XMA****90,,,150 л.с.,2.0
Audi,A4,2 275 000 q,,0,бензин,автомат,серебристый,седан,,левый,WAUZZZF40MA****41,,,150 л.с.,2.0
Audi,A4,2 275 000 q,,0,бензин,автомат,серый,седан,,левый,WAUZZZF45MA****98,,,150 л.с.,2.0
Audi,A4,2 275 000 q,,0,бензин,автомат,белый,седан,,левый,WAUZZZF42MA****88,,,150 л.с.,2.0
Audi,A4,2 275 000 q,,0,бензин,автомат,серебристый,седан,,левый,WAUZZZF40MA****80,,,150 л.с.,2.0
Audi,A4,2 275 000 q,,0,бензин,автомат,серебристый,седан,,левый,WAUZZZF40MA****88,,,150 л.с.,2.0
Audi,A4,2 467 428 q,,0,бензин,автомат,белый,седан,,левый,WAUZZZF47MA****01,,,190 л.с.,2.0
Audi,A4,2 467 428 q,,0,бензин,автомат,белый,седан,,левый,WAUZZZF44MA****83,,,190 л.с.,2.0
Audi,A4,2 597 599 q,,0,бензин,автомат,красный,седан,,левый,WAUZZZF42MA****35,,,190 л.с.,2.0
Audi,A4,2 599 027 q,,0,бензин,автомат,белый,седан,,левый,WAUZZZF48MN****42,,,190 л.с.,2.0
Audi,A4,2 599 027 q,,0,бензин,автомат,черный,седан,,левый,WAUZZZF47MN****49,,,190 л.с.,2.0
Audi,A4,2 389 045 q,,0,бензин,автомат,серый,седан,,левый,WAUZZZF41MA****78,,,150 л.с.,2.0
Audi,A4,2 277 432 q,,0,бензин,автомат,синий,седан,,левый,WAUZZZF41MA****57,,,150 л.с.,2.0
Audi,A4,2 389 045 q,,0,бензин,автомат,серый,седан,,левый,WAUZZZF41MA****90,,,150 л.с.,2.0
Audi,A4,2 466 000 q,,0,бензин,автомат,черный,седан,,левый,WAUZZZF42MA****05,,,190 л.с.,2.0
Audi,A4,2 466 000 q,,0,бензин,автомат,серый,седан,,левый,WAUZZZF40MA****32,,,190 л.с.,2.0
Audi,A4,2 467 428 q,,0,бензин,автомат,черный,седан,,левый,WAUZZZF43MA****75,,,190 л.с.,2.0
Audi,A4,2 466 000 q,,0,бензин,автомат,синий,седан,,левый,WAUZZZF47MA****74,,,190 л.с.,2.0
Audi,A4,2 466 000 q,,0,бензин,автомат,серый,седан,,левый,WAUZZZF46MA****35,,,190 л.с.,2.0
Audi,A4,2 466 000 q,,0,бензин,автомат,синий,седан,,левый,WAUZZZF43MA****03,,,190 л.с.,2.0
Audi,A4,2 599 027 q,,0,бензин,автомат,синий,седан,,левый,WAUZZZF42MN****69,,,190 л.с.,2.0
Audi,A4,2 276 004 q,,0,бензин,автомат,серый,седан,,левый,WAUZZZF41MA****26,,,150 л.с.,2.0
Audi,A4,2 277 432 q,,0,бензин,автомат,черный,седан,,левый,WAUZZZF42MA****66,,,150 л.с.,2.0
Audi,A4,2 994 768 q,,0,бензин,автомат,черный,седан,,левый,WAUZZZF47MA****10,,,249 л.с.,2.0
Audi,A4,3 440 576 q,,0,бензин,автомат,синий,седан,,левый,WAUZZZF41MA****12,,,249 л.с.,2.0
Audi,A4,2 994 768 q,,0,бензин,автомат,черный,седан,,левый,WAUZZZF47MA****19,,,249 л.с.,2.0
Audi,A4,2 994 768 q,,0,бензин,автомат,синий,седан,,левый,WAUZZZF4XMA****87,,,249 л.с.,2.0
Audi,A4,2 994 768 q,,0,бензин,автомат,серый,седан,,левый,WAUZZZF49MA****16,,,249 л.с.,2.0
Audi,A4,2 994 768 q,,0,бензин,автомат,белый,седан,,левый,WAUZZZF41MA****21,,,249 л.с.,2.0
Audi,A4,2 599 027 q,,0,бензин,автомат,синий,седан,,левый,WAUZZZF4XMN****81,,,190 л.с.,2.0
Audi,A4,2 275 000 q,,0,бензин,автомат,белый,седан,,левый,WAUZZZF48MA****09,,,150 л.с.,2.0
Audi,A4,2 275 000 q,,0,бензин,автомат,белый,седан,,левый,WAUZZZF49MA****33,,,150 л.с.,2.0
Audi,A4,2 275 000 q,,0,бензин,автомат,серый,седан,,левый,WAUZZZF47MA****09,,,150 л.с.,2.0
Audi,A4,2 275 000 q,,0,бензин,автомат,белый,седан,,левый,WAUZZZF47MA****12,,,150 л.с.,2.0
Audi,Q7,4 655 000 q,,33 855,дизель,автомат,синий,,,левый,,,,249 л.с.,3.0
Audi,Q7,2 948 000 q,,177 465,дизель,автомат,черный,,,левый,,,,249 л.с.,3.0
Audi,TT,1 497 000 q,,104 257,бензин,автомат,белый,купе,,левый,,,,211 л.с.,2.0
Audi,Q7,1 245 000 q,,162 271,дизель,автомат,красный,,,левый,,,,238 л.с.,3.0
Audi,Q3,1 240 000 q,,145 000,бензин,автомат,белый,,,левый,,,,170 л.с.,2.0
Audi,A3,450 000 q,,142 000,бензин,автомат,черный,хэтчбек 3 дв.,,левый,,,,102 л.с.,1.6
Audi,A8,299 000 q,,280 000,бензин,автомат,серый,,,левый,,,,230 л.с.,3.7
Audi,A4,345 000 q,,212 030,бензин,автомат,черный,седан,,левый,,,,130 л.с.,2.0
Audi,A8,1 199 000 q,,147 000,бензин,автомат,черный,,,левый,,,,372 л.с.,4.2
Audi,Q5,1 049 000 q,,130 025,дизель,автомат,серый,,,левый,,,,239 л.с.,3.0
Audi,A5,1 109 000 q,,117 203,бензин,автомат,белый,купе,,левый,,,,272 л.с.,3.0
Audi,A6,1 672 000 q,,137 900,бензин,автомат,черный,седан,,левый,,,,333 л.с.,3.0
Audi,A6,329 000 q,,371 579,дизель,автомат,черный,универсал,,левый,,,,180 л.с.,2.5
Audi,A6,1 625 000 q,,125 978,бензин,автомат,черный,седан,,левый,,,,333 л.с.,3.0
Audi,Q3,1 452 000 q,,103 260,бензин,автомат,голубой,,,левый,,,,150 л.с.,1.4
Audi,Q5,889 000 q,,165 410,дизель,автомат,черный,,,левый,,,,170 л.с.,2.0
Audi,A6,1 478 000 q,,110 768,бензин,автомат,черный,седан,,левый,,,,190 л.с.,1.8
Audi,A5,680 000 q,,151 000,бензин,автомат,красный,купе,,левый,,,,265 л.с.,3.2
Audi,Q7,900 000 q,,195 000,бензин,автомат,серый,,,левый,,,,280 л.с.,3.6
Audi,A3,795 000 q,,110 000,бензин,автомат,белый,седан,,левый,,,,122 л.с.,1.4
Audi,A4,2 390 000 q,,12 946,бензин,автомат,черный,седан,,левый,,,,150 л.с.,1.4
Audi,Q7,4 075 000 q,,75 264,дизель,автомат,синий,,,левый,,,,249 л.с.,3.0
Audi,Q5,1 552 000 q,,287 144,дизель,автомат,белый,,,левый,,,,245 л.с.,3.0
Audi,A6,1 698 000 q,,79 041,бензин,автомат,белый,седан,,левый,,,,190 л.с.,1.8
Audi,Q5,2 349 000 q,,118 749,бензин,автомат,синий,,,левый,,,,249 л.с.,2.0
Audi,Q5,1 009 000 q,,109 366,бензин,автомат,коричневый,,,левый,,,,271 л.с.,3.2
Audi,A4,850 000 q,,128 843,бензин,автомат,черный,седан,,левый,,,,170 л.с.,1.8
Audi,Q7,1 299 000 q,,193 400,дизель,автомат,серый,,,левый,,,,326 л.с.,4.1
Audi,A4,200 000 q,,,бензин,механика,черный,универсал,,левый,,,,125 л.с.,1.8
Audi,Q7,3 749 000 q,,85 045,дизель,автомат,черный,,,левый,,,,249 л.с.,3.0
Audi,100,80 000 q,,350 000,бензин,механика,красный,седан,,левый,,,,138 л.с.,2.2
Audi,100,49 000 q,,228 000,бензин,механика,голубой,седан,,левый,,,,90 л.с.,1.8
Audi,Q3,1 295 000 q,,96 427,бензин,автомат,черный,,,левый,,,,170 л.с.,2.0
Audi,Q3,1 250 000 q,,104 544,бензин,,красный,,,левый,,,,,1.4
Audi,A4,3 408 192 q,,0,бензин,автомат,черный,,,левый,WAUZZZF43MA****04,,,249 л.с.,2.0
Audi,A6,1 675 000 q,,119 081,бензин,автомат,черный,,,левый,,,,310 л.с.,3.0
Audi,A6,1 132 000 q,,158 522,бензин,автомат,белый,седан,,левый,,,,180 л.с.,2.0
Audi,Q5,2 747 000 q,,69 041,бензин,автомат,белый,,,левый,,,,249 л.с.,2.0
Audi,A6,3 833 760 q,,17 267,бензин,автомат,черный,седан,,левый,,,,340 л.с.,3.0
Audi,TT,1 918 000 q,,34 789,бензин,автомат,красный,купе,,левый,,,,230 л.с.,2.0
Audi,A8,5 828 000 q,,45 084,бензин,автомат,черный,,,левый,,,,340 л.с.,3.0
Audi,A4,1 470 000 q,,95 160,бензин,автомат,серый,седан,,левый,,,,150 л.с.,1.4
Audi,A4,1 520 000 q,,105 951,бензин,автомат,серый,седан,,левый,,,,150 л.с.,1.4
Audi,A5,1 358 000 q,,149 584,бензин,автомат,белый,купе,,левый,,,,225 л.с.,2.0
Audi,Q3,1 569 900 q,,112 655,бензин,автомат,белый,,,левый,,,,180 л.с.,2.0
Audi,Q3,1 599 900 q,,82 695,бензин,автомат,серый,,,левый,,,,180 л.с.,2.0
Audi,A4,770 000 q,,246 000,бензин,автомат,белый,седан,,левый,,,,211 л.с.,2.0
Audi,S5,1 100 000 q,,75 000,бензин,автомат,белый,купе,,левый,,,,354 л.с.,4.2
Audi,A4,875 000 q,,120 350,бензин,автомат,черный,седан,,левый,,,,170 л.с.,1.8
Audi,Q8,7 350 000 q,,17 450,дизель,автомат,серый,,,левый,,,,249 л.с.,3.0
Audi,A6,1 580 000 q,,130 000,бензин,автомат,,седан,,левый,,,,190 л.с.,1.8
Audi,Q7,820 000 q,,199 000,бензин,автомат,белый,,,левый,,,,350 л.с.,4.2
Audi,Q3,1 269 000 q,,75 255,бензин,автомат,оранжевый,,,левый,,,,170 л.с.,2.0
Audi,SQ8,12 350 000 q,,0,дизель,автомат,синий,,,левый,WAUZZZF11LD****10,,,422 л.с.,4.0
Audi,A4,2 712 500 q,,0,бензин,автомат,серый,седан,,левый,WAUZZZF47MN****02,,,150 л.с.,2.0
Audi,A4,2 612 000 q,,0,бензин,автомат,синий,седан,,левый,WAUZZZF46MA****21,,,150 л.с.,2.0
Audi,A4,2 690 000 q,,0,бензин,автомат,белый,седан,,левый,WAUZZZF45MA****62,,,190 л.с.,2.0
Audi,A4,2 690 000 q,,0,бензин,автомат,синий,седан,,левый,WAUZZZF47MA****20,,,190 л.с.,2.0
Audi,A4,2 790 000 q,,0,бензин,автомат,черный,седан,,левый,WAUZZZF42MN****19,,,190 л.с.,2.0
Audi,A4,2 790 000 q,,0,бензин,автомат,белый,седан,,левый,WAUZZZF40MA****07,,,190 л.с.,2.0
Audi,A4,3 353 400 q,,0,бензин,автомат,синий,седан,,левый,WAUZZZF42MA****25,,,249 л.с.,2.0
Audi,A4,3 353 400 q,,0,бензин,автомат,черный,седан,,левый,WAUZZZF47MA****86,,,249 л.с.,2.0
Audi,A4,2 420 000 q,,0,бензин,автомат,черный,седан,,левый,WAUZZZF42MA****11,,,150 л.с.,2.0
Audi,A4,3 353 400 q,,0,бензин,автомат,белый,седан,,левый,WAUZZZF44MA****60,,,249 л.с.,2.0
Audi,A4,2 420 000 q,,0,бензин,автомат,серый,седан,,левый,WAUZZZF47MA****04,,,150 л.с.,2.0
Audi,A4,2 420 000 q,,0,бензин,автомат,синий,седан,,левый,WAUZZZF43MA****07,,,150 л.с.,2.0
Audi,A4,2 420 000 q,,0,бензин,автомат,серый,седан,,левый,WAUZZZF42MA****32,,,150 л.с.,2.0
Audi,A4,2 420 000 q,,0,бензин,автомат,белый,седан,,левый,WAUZZZF46MA****95,,,150 л.с.,2.0
Audi,A3,1 170 000 q,,90 000,бензин,автомат,белый,седан,,левый,,,,125 л.с.,1.4
Audi,A3,850 000 q,,115 000,бензин,автомат,черный,седан,,левый,,,,125 л.с.,1.4
Audi,A3,860 000 q,,178 040,бензин,,черный,седан,,левый,,,,,1.4
Audi,A6,1 698 000 q,,79 476,бензин,автомат,черный,седан,,левый,,,,190 л.с.,1.8
Audi,Q7,889 000 q,,227 000,дизель,автомат,серый,,,левый,,,,238 л.с.,3.0
Audi,A1,789 000 q,,86 310,бензин,автомат,оранжевый,хэтчбек 5 дв.,,левый,,,,122 л.с.,1.4
Audi,A6,699 000 q,,132 000,бензин,автомат,черный,седан,,левый,,,,220 л.с.,2.8
Audi,Q7,1 247 000 q,,268 189,дизель,автомат,черный,,,левый,,,,340 л.с.,4.1
Audi,Q3,1 414 000 q,,123 270,бензин,автомат,черный,,,левый,,,,150 л.с.,1.4
Audi,S5,1 279 000 q,,87 000,бензин,автомат,белый,купе,,левый,,,,333 л.с.,3.0
Audi,A6,765 000 q,,291 100,дизель,автомат,черный,,,левый,,,,233 л.с.,3.0
Audi,Q5,2 237 000 q,,73 000,дизель,автомат,черный,,,левый,,,,163 л.с.,2.0
Audi,Q3,1 245 000 q,,48 435,бензин,автомат,бежевый,,,левый,,,,170 л.с.,2.0
Audi,A8,7 106 000 q,,2 956,бензин,автомат,черный,,,левый,,,,340 л.с.,3.0
Audi,A8,6 799 000 q,,7 032,бензин,автомат,серый,,,левый,,,,340 л.с.,3.0
Audi,80,82 000 q,,272 000,бензин,механика,серый,седан,,левый,,,,88 л.с.,1.8
Audi,A6,300 000 q,,350 000,бензин,механика,синий,седан,,левый,,,,193 л.с.,2.8
Audi,A4,650 000 q,,169 500,бензин,автомат,белый,,,левый,,,,160 л.с.,1.8
Audi,RS,1 750 000 q,,64 000,бензин,автомат,синий,,,левый,,,,310 л.с.,2.5
Audi,A3,998 500 q,,107 000,бензин,автомат,белый,хэтчбек 5 дв.,,левый,,,,110 л.с.,1.2
Audi,Q3,1 919 700 q,,69 236,бензин,автомат,зеленый,,,левый,,,,180 л.с.,2.0
Audi,Q7,3 650 000 q,,74 000,дизель,автомат,синий,,,левый,,,,249 л.с.,3.0
Audi,A6,1 289 000 q,,147 759,дизель,автомат,белый,седан,,левый,,,,245 л.с.,3.0
Audi,S8,5 451 147 q,,43 208,бензин,автомат,черный,,,левый,,,,605 л.с.,4.0
Audi,Q3,1 840 000 q,,26 159,бензин,автомат,голубой,,,левый,,,,150 л.с.,1.4
Audi,Q5,2 050 000 q,,66 105,бензин,автомат,синий,,,левый,,,,180 л.с.,2.0
Audi,Q7,3 100 000 q,,78 623,бензин,автомат,черный,,,левый,,,,333 л.с.,3.0
Audi,Q5,1 999 999 q,,87 000,бензин,автомат,серый,,,левый,,,,225 л.с.,2.0
Audi,Q7,3 665 000 q,,62 785,дизель,автомат,белый,,,левый,,,,249 л.с.,3.0
Audi,Q5,1 397 000 q,,138 278,бензин,автомат,белый,,,левый,,,,225 л.с.,2.0
Audi,A7,2 495 000 q,,68 225,бензин,автомат,черный,,,левый,,,,249 л.с.,2.0
Audi,A6,840 000 q,,154 400,бензин,автомат,черный,седан,,левый,,,,300 л.с.,3.0
Audi,A3,534 000 q,,87 711,бензин,автомат,белый,хэтчбек 5 дв.,,левый,,,,105 л.с.,1.2
Audi,A4,1 069 000 q,,91 981,бензин,автомат,белый,седан,,левый,,,,211 л.с.,2.0
Audi,A3,835 000 q,,82 000,бензин,,белый,хэтчбек 5 дв.,,,,,,180 л.с.,1.8
Audi,A1,618 000 q,,119 464,бензин,автомат,красный,хэтчбек 5 дв.,,левый,,,,122 л.с.,1.4
Audi,A5,2 795 000 q,,23 600,бензин,автомат,красный,купе,,левый,,,,249 л.с.,2.0
Audi,A7,2 427 000 q,,72 444,бензин,автомат,серый,,,левый,,,,249 л.с.,2.0
Audi,A6,1 697 850 q,,57 500,бензин,автомат,черный,седан,,левый,,,,190 л.с.,1.8
Audi,A3,1 885 900 q,,0,бензин,автомат,серый,седан,,левый,WAUZZZ8V5LA****89,,,150 л.с.,1.4
Audi,Q5,3 597 168 q,,0,бензин,автомат,черный,,,левый,WAUZZZFY4L2****14,,,249 л.с.,2.0
Audi,Q5,3 635 000 q,,0,бензин,автомат,синий,,,левый,WAUZZZFY6L2****43,,,249 л.с.,2.0
Audi,Q3,1 555 000 q,,44 016,бензин,автомат,белый,,,левый,,,,180 л.с.,2.0
Audi,A7,2 197 000 q,,63 776,бензин,автомат,черный,,,левый,,,,333 л.с.,3.0
Audi,Q3,1 448 000 q,,99 251,бензин,автомат,голубой,,,левый,,,,180 л.с.,2.0
Audi,A5,770 000 q,,154 913,бензин,автомат,белый,лифтбек,,левый,,,,160 л.с.,1.8
Audi,A4,1 049 000 q,,107 300,бензин,автомат,черный,седан,,левый,,,,120 л.с.,1.8
Audi,Q7,3 799 000 q,,63 391,дизель,автомат,серый,,,левый,,,,249 л.с.,3.0
Audi,A6,435 000 q,,166 000,бензин,автомат,черный,седан,,левый,,,,177 л.с.,2.4
Audi,A6,299 000 q,,240 000,бензин,автомат,черный,седан,,левый,,,,250 л.с.,2.7
Audi,RS7,3 160 000 q,,181 055,бензин,автомат,черный,,,левый,,,,560 л.с.,4.0
Audi,A6,250 000 q,,226 500,бензин,автомат,синий,седан,,левый,,,,165 л.с.,2.4
Audi,A6,3 400 000 q,,2 200,бензин,автомат,синий,седан,,левый,,,,245 л.с.,2.0
Audi,Q8,5 200 000 q,,60 000,бензин,автомат,серый,,,левый,,,,340 л.с.,3.0
Audi,Q8,5 170 000 q,,44 858,бензин,автомат,синий,,,левый,,,,340 л.с.,3.0
Audi,Q7,4 299 000 q,,39 388,дизель,автомат,белый,,,левый,,,,249 л.с.,3.0
Audi,Q3,1 671 000 q,,88 917,бензин,автомат,серый,,,левый,,,,180 л.с.,2.0
Audi,TT,1 450 000 q,,123 510,бензин,автомат,белый,купе,,левый,,,,211 л.с.,2.0
Audi,A6,230 000 q,,300 000,,,зеленый,седан,,левый,,,,,
Audi,Q5,3 810 000 q,,0,бензин,автомат,синий,,,левый,WAUZZZFY6L2****01,,,249 л.с.,2.0
Audi,Q5,3 810 000 q,,0,бензин,автомат,серый,,,левый,WAUZZZFY4L2****32,,,249 л.с.,2.0
Audi,Q5,3 810 000 q,,0,бензин,автомат,серый,,,левый,WAUZZZFY0L2****05,,,249 л.с.,2.0
Audi,Q5,3 460 000 q,,0,бензин,автомат,синий,,,левый,WAUZZZFY0L2****44,,,249 л.с.,2.0
Audi,Q5,3 810 000 q,,0,бензин,автомат,белый,,,левый,WAUZZZFY9L2****10,,,249 л.с.,2.0
Audi,Q5,3 460 000 q,,0,бензин,автомат,белый,,,левый,WAUZZZFY1L2****89,,,249 л.с.,2.0
Audi,Q5,3 460 000 q,,0,бензин,автомат,синий,,,левый,WAUZZZFY8L2****68,,,249 л.с.,2.0
Audi,Q5,3 810 000 q,,0,бензин,автомат,синий,,,левый,WAUZZZFY1L2****31,,,249 л.с.,2.0
Audi,Q5,3 460 000 q,,0,бензин,автомат,серый,,,левый,WAUZZZFY6L2****21,,,249 л.с.,2.0
Audi,Q5,3 810 000 q,,0,бензин,автомат,синий,,,левый,WAUZZZFY1L2****83,,,249 л.с.,2.0
Audi,Q5,3 460 000 q,,0,бензин,автомат,белый,,,левый,WAUZZZFY8L2****12,,,249 л.с.,2.0
Audi,Q5,3 460 000 q,,0,бензин,автомат,серый,,,левый,WAUZZZFY5L2****36,,,249 л.с.,2.0
Audi,Q5,3 460 000 q,,0,бензин,автомат,синий,,,левый,WAUZZZFY5L2****10,,,249 л.с.,2.0
Audi,Q5,3 460 000 q,,0,бензин,автомат,синий,,,левый,WAUZZZFY0L2****91,,,249 л.с.,2.0
Audi,Q5,3 460 000 q,,0,бензин,автомат,серый,,,левый,WAUZZZFY3L2****54,,,249 л.с.,2.0
Audi,Q5,3 810 000 q,,0,бензин,автомат,черный,,,левый,WAUZZZFY9L2****74,,,249 л.с.,2.0
Audi,Q5,3 810 000 q,,0,бензин,автомат,синий,,,левый,WAUZZZFY3L2****79,,,249 л.с.,2.0
Audi,Q5,3 460 000 q,,0,бензин,автомат,черный,,,левый,WAUZZZFY4L2****89,,,249 л.с.,2.0
Audi,Q5,3 460 000 q,,0,бензин,автомат,черный,,,левый,WAUZZZFY6L2****19,,,249 л.с.,2.0
Audi,Q5,3 460 000 q,,0,бензин,автомат,синий,,,левый,WAUZZZFY0L2****37,,,249 л.с.,2.0
Audi,Q5,3 460 000 q,,0,бензин,автомат,синий,,,левый,WAUZZZFY9L2****41,,,249 л.с.,2.0
Audi,Q5,3 460 000 q,,0,бензин,автомат,черный,,,левый,WAUZZZFY5L2****83,,,249 л.с.,2.0
Audi,Q5,3 460 000 q,,0,бензин,автомат,синий,,,левый,WAUZZZFY2L2****02,,,249 л.с.,2.0
Audi,Q5,3 460 000 q,,0,бензин,автомат,синий,,,левый,WAUZZZFY5L2****72,,,249 л.с.,2.0
Audi,Q5,3 810 000 q,,0,бензин,автомат,черный,,,левый,WAUZZZFY2L2****10,,,249 л.с.,2.0
Audi,Q5,3 810 000 q,,0,бензин,автомат,белый,,,левый,WAUZZZFY7L2****96,,,249 л.с.,2.0
Audi,Q5,4 349 000 q,,0,дизель,автомат,серый,,,левый,WAUZZZFY9L2****45,,,249 л.с.,3.0
Audi,Q5,3 460 000 q,,0,бензин,автомат,черный,,,левый,WAUZZZFY9L2****59,,,249 л.с.,2.0
Audi,A6,3 795 000 q,,1 980,бензин,автомат,черный,седан,,левый,,,,190 л.с.,2.0
Audi,A6,1 615 000 q,,113 863,бензин,автомат,черный,седан,,левый,,,,190 л.с.,1.8
Audi,Q3,1 288 000 q,,47 400,бензин,автомат,серебристый,,,левый,,,,170 л.с.,2.0
Audi,A4,220 000 q,,190 000,бензин,автомат,синий,седан,,левый,,,,165 л.с.,2.4
Audi,A4,175 000 q,,,бензин,автомат,синий,седан,,левый,,,,125 л.с.,1.8
Audi,A6,950 000 q,,150 000,бензин,автомат,белый,седан,,левый,,,,180 л.с.,2.0
Audi,Q7,150 000 q,,70 000,дизель,автомат,серый,,,левый,,,,233 л.с.,3.0
Audi,Q7,6 081 690 q,,18 617,дизель,автомат,черный,,,левый,,,,249 л.с.,3.0
Audi,Q7,899 000 q,,109 000,дизель,автомат,серебристый,,,левый,,,,326 л.с.,4.1
Audi,A4,1 049 000 q,,88 000,бензин,автомат,белый,седан,,левый,,,,170 л.с.,1.8
Audi,Q5,1 795 000 q,,120 843,бензин,автомат,синий,,,левый,,,,180 л.с.,2.0
Audi,Q7,2 450 000 q,,91 700,дизель,автомат,черный,,,левый,,,,245 л.с.,3.0
Audi,A8,6 898 000 q,,11 898,дизель,автомат,черный,,,левый,,,,249 л.с.,3.0
Audi,A3,1 590 000 q,,45 279,бензин,автомат,серый,седан,,левый,,,,150 л.с.,1.4
Audi,Q5,830 000 q,,130 067,бензин,автомат,серый,,,,,,,,2.0
Audi,A3,1 300 000 q,,53 650,бензин,автомат,черный,седан,,левый,,,,150 л.с.,1.4
Audi,A4,1 345 000 q,,144 744,бензин,автомат,коричневый,седан,,левый,,,,225 л.с.,2.0
Audi,Q3,1 710 000 q,,107 531,бензин,автомат,серый,,,левый,,,,180 л.с.,2.0
Audi,A6,1 750 000 q,,79 995,бензин,автомат,черный,седан,,левый,,,,190 л.с.,1.8
Audi,100,150 000 q,,378 000,бензин,механика,синий,седан,,левый,,,,115 л.с.,2.0
Audi,A3,1 050 000 q,,112 315,бензин,автомат,белый,седан,,левый,,,,125 л.с.,1.4
Audi,R8,3 300 000 q,,10 997,бензин,автомат,красный,купе,,левый,,,,420 л.с.,4.2
Audi,Q3,1 270 000 q,,90 862,бензин,автомат,черный,,,левый,,,,150 л.с.,1.4
Audi,A3,1 110 000 q,,83 711,бензин,автомат,черный,седан,,левый,,,,150 л.с.,1.4
Audi,A3,1 110 000 q,,90 945,бензин,автомат,черный,седан,,левый,,,,150 л.с.,1.4
Audi,A3,1 130 000 q,,94 918,бензин,автомат,черный,седан,,левый,,,,150 л.с.,1.4
Audi,A3,1 110 000 q,,92 365,бензин,автомат,черный,седан,,левый,,,,150 л.с.,1.4
Audi,Q3,1 094 500 q,,170 386,бензин,автомат,серый,,,левый,,,,170 л.с.,2.0
Audi,Q3,1 395 000 q,,112 525,бензин,автомат,серый,,,левый,,,,180 л.с.,2.0
Audi,A5,577 000 q,,89 466,бензин,автомат,синий,купе,,левый,,,,265 л.с.,3.2
Audi,A4,500 000 q,,222 000,бензин,механика,зеленый,универсал,,левый,,,,163 л.с.,1.8
Audi,Q5,3 625 000 q,,0,бензин,автомат,черный,,,левый,WAUZZZFY4L2****11,,,249 л.с.,2.0
Audi,Q5,3 625 000 q,,0,бензин,автомат,серый,,,левый,WAUZZZFY9L2****24,,,249 л.с.,2.0
Audi,Q5,3 625 000 q,,0,бензин,автомат,белый,,,левый,WAUZZZFY6L2****24,,,249 л.с.,2.0
Audi,Q5,3 625 000 q,,0,бензин,автомат,белый,,,левый,WAUZZZFY4L2****30,,,249 л.с.,2.0
Audi,Q5,3 625 000 q,,0,бензин,автомат,белый,,,левый,WAUZZZFY6L2****71,,,249 л.с.,2.0
Audi,Q5,3 625 000 q,,0,бензин,автомат,белый,,,левый,WAUZZZFY3L2****15,,,249 л.с.,2.0
Audi,Q5,3 625 000 q,,0,бензин,автомат,белый,,,левый,WAUZZZFY6L2****25,,,249 л.с.,2.0
Audi,Q5,3 625 000 q,,0,бензин,автомат,синий,,,левый,WAUZZZFY3L2****46,,,249 л.с.,2.0
Audi,Q5,3 625 000 q,,0,бензин,автомат,белый,,,левый,WAUZZZFY1L2****67,,,249 л.с.,2.0
Audi,Q5,3 625 000 q,,0,бензин,автомат,белый,,,левый,WAUZZZFY4L2****76,,,249 л.с.,2.0
Audi,Q5,3 625 000 q,,0,бензин,автомат,серый,,,левый,WAUZZZFY1L2****71,,,249 л.с.,2.0
Audi,Q5,3 625 000 q,,0,бензин,автомат,черный,,,левый,WAUZZZFY8L2****82,,,249 л.с.,2.0
Audi,Q5,3 625 000 q,,0,бензин,автомат,черный,,,левый,WAUZZZFY5L2****47,,,249 л.с.,2.0
Audi,Q3,3 398 000 q,,0,бензин,автомат,черный,,,левый,WAUZZZF36M1****60,,,180 л.с.,2.0
Audi,Q5,3 625 000 q,,0,бензин,автомат,серый,,,левый,WAUZZZFY0L2****80,,,249 л.с.,2.0
Audi,Q5,3 625 000 q,,0,бензин,автомат,черный,,,левый,WAUZZZFY1L2****78,,,249 л.с.,2.0
Audi,Q5,3 625 000 q,,0,бензин,автомат,синий,,,левый,WAUZZZFY5L2****50,,,249 л.с.,2.0
Audi,Q5,3 625 000 q,,0,бензин,автомат,серый,,,левый,WAUZZZFY9L2****09,,,249 л.с.,2.0
Audi,Q5,3 625 000 q,,0,бензин,автомат,синий,,,левый,WAUZZZFY5L2****42,,,249 л.с.,2.0
Audi,Q5,3 625 000 q,,0,бензин,автомат,синий,,,левый,WAUZZZFY9L2****49,,,249 л.с.,2.0
Audi,Q5,3 625 000 q,,0,бензин,автомат,черный,,,левый,WAUZZZFYXL2****36,,,249 л.с.,2.0
Audi,Q5,3 625 000 q,,0,бензин,автомат,синий,,,левый,WAUZZZFY3L2****62,,,249 л.с.,2.0
Audi,A8,1 250 000 q,,113 888,бензин,автомат,черный,,,левый,,,,420 л.с.,4.0
Audi,Q7,1 010 000 q,,264 000,дизель,автомат,белый,,,левый,,,,233 л.с.,3.0
Audi,Q3,1 040 000 q,,111 530,бензин,,черный,,,левый,,,,,2.0
Audi,Q3,2 974 000 q,,0,бензин,автомат,белый,,,левый,WAUZZZF30M1****24,,,180 л.с.,2.0
Audi,Q5,3 540 000 q,,0,бензин,автомат,черный,,,левый,WAUZZZFY8L2****96,,,249 л.с.,2.0
Audi,Q5,3 540 000 q,,0,бензин,автомат,синий,,,левый,WAUZZZFY7L2****93,,,249 л.с.,2.0
Audi,Q5,3 810 000 q,,0,бензин,автомат,черный,,,левый,WAUZZZFY0L2****61,,,249 л.с.,2.0
Audi,A7,6 272 929 q,,0,бензин,автомат,фиолетовый,,,левый,WAUZZZF2XLN****55,,,340 л.с.,3.0
Audi,A8,6 199 000 q,,40 452,бензин,автомат,черный,,,левый,,,,340 л.с.,3.0
Audi,A6,4 032 413 q,,0,дизель,автомат,черный,седан,,левый,WAUZZZF24LN****95,,,190 л.с.,2.0
Audi,A6,927 000 q,,114 033,бензин,автомат,черный,седан,,левый,,,,180 л.с.,2.0
Audi,Q7,1 549 000 q,,83 250,дизель,автомат,серый,,,левый,,,,245 л.с.,3.0
Audi,Q3,1 662 000 q,,29 590,бензин,автомат,серебристый,,,левый,,,,180 л.с.,2.0
Audi,A8,6 327 000 q,,19 681,бензин,автомат,серый,,,левый,,,,340 л.с.,3.0
Audi,Q5,3 453 000 q,,1 008,бензин,автомат,синий,,,левый,,,,249 л.с.,2.0
Audi,A6,1 630 000 q,,117 224,бензин,автомат,черный,седан,,левый,,,,249 л.с.,2.0
Audi,Q3,1 270 000 q,,104 762,бензин,автомат,коричневый,,,левый,,,,170 л.с.,2.0
Audi,A7,1 557 000 q,,100 247,бензин,автомат,черный,,,левый,,,,310 л.с.,3.0
Audi,Q5,1 607 000 q,,110 386,бензин,автомат,черный,,,левый,,,,230 л.с.,2.0
Audi,A3,180 000 q,,260 000,бензин,автомат,серебристый,хэтчбек 3 дв.,,левый,,,,101 л.с.,1.6
Audi,A6,290 000 q,,178 000,бензин,автомат,серый,,,левый,,,,254 л.с.,2.7
Audi,Q3,949 000 q,,89 000,бензин,автомат,оранжевый,,,левый,,,,170 л.с.,2.0
Audi,Q7,1 349 000 q,,99 000,дизель,автомат,черный,,,левый,,,,500 л.с.,5.9
Audi,A4,329 000 q,,166 000,бензин,автомат,синий,универсал,,левый,,,,130 л.с.,2.0
Audi,A3,539 000 q,,124 000,бензин,автомат,белый,хэтчбек 5 дв.,,левый,,,,105 л.с.,1.2
Audi,Q5,1 219 900 q,,226 849,бензин,автомат,серый,,,левый,,,,225 л.с.,2.0
Audi,A6,1 135 000 q,,76 092,бензин,автомат,серый,седан,,левый,,,,180 л.с.,2.0
Audi,Q5,849 000 q,,105 000,бензин,автомат,белый,,,левый,,,,211 л.с.,2.0
Audi,Q5,799 000 q,,142 000,бензин,автомат,серый,,,левый,,,,211 л.с.,2.0
Audi,A3,249 000 q,,350 000,бензин,механика,серый,хэтчбек 3 дв.,,левый,,,,125 л.с.,1.8
Audi,A7,1 350 000 q,,136 256,бензин,автомат,красный,,,левый,,,,300 л.с.,3.0
Audi,A3,2 173 000 q,,0,бензин,автомат,серый,седан,,левый,WAUZZZ8V6LA****65,,,150 л.с.,1.4
Audi,A3,1 654 000 q,,22 763,бензин,автомат,синий,седан,,левый,,,,150 л.с.,1.4
Audi,A7,1 998 000 q,,89 683,дизель,автомат,белый,,,левый,,,,245 л.с.,3.0
Audi,A6,3 600 000 q,,5 000,бензин,автомат,черный,седан,,левый,,,,245 л.с.,2.0
Audi,A6,690 000 q,,205 000,бензин,автомат,белый,универсал,,левый,,,,290 л.с.,3.0
Audi,A8,1 340 000 q,,120 265,бензин,автомат,черный,,,левый,,,,500 л.с.,6.3
Audi,A6,275 000 q,,200 000,бензин,автомат,синий,седан,,левый,,,,193 л.с.,2.8
Audi,Q7,820 000 q,,210 000,дизель,автомат,черный,,,левый,,,,233 л.с.,3.0
Audi,A4,1 351 923 q,,101 987,бензин,автомат,черный,седан,,левый,,,,150 л.с.,1.4
Audi,A6,1 099 000 q,,90 000,бензин,автомат,черный,седан,,левый,,,,180 л.с.,2.0
Audi,A7,5 750 000 q,,28 000,бензин,автомат,синий,,,левый,,,,340 л.с.,3.0
Audi,Q3,1 130 000 q,,200 533,дизель,автомат,оранжевый,,,левый,,,,177 л.с.,2.0
Audi,Q7,4 399 000 q,,67 138,дизель,автомат,черный,,,левый,,,,249 л.с.,3.0
Audi,A5,665 000 q,,109 751,бензин,автомат,красный,купе,,левый,,,,160 л.с.,1.8
Audi,A4,1 970 000 q,,14 012,бензин,автомат,черный,седан,,левый,,,,150 л.с.,1.4
Audi,A4,1 287 000 q,,130 960,бензин,автомат,синий,седан,,левый,,,,225 л.с.,2.0
Audi,Q7,4 637 000 q,,9 250,дизель,автомат,белый,,,левый,,,,249 л.с.,3.0
Audi,Q7,2 830 000 q,,128 999,дизель,автомат,черный,,,левый,,,,249 л.с.,3.0
Audi,Q5,800 000 q,,161 000,бензин,автомат,белый,,,левый,,,,211 л.с.,2.0
Audi,A5,1 350 000 q,,138 458,бензин,автомат,синий,купе,,левый,,,,225 л.с.,2.0
Audi,A4,2 130 000 q,,5 292,бензин,автомат,синий,седан,,левый,,,,150 л.с.,1.4
Audi,A3,1 110 000 q,,69 164,бензин,автомат,черный,седан,,левый,,,,150 л.с.,1.4
Audi,A6,1 540 000 q,,142 198,бензин,автомат,черный,седан,,левый,,,,190 л.с.,1.8
Audi,A4,720 000 q,,190 000,бензин,автомат,белый,универсал,,левый,,,,120 л.с.,1.8
Audi,Q7,1 340 000 q,,212 158,дизель,автомат,черный,,,левый,,,,245 л.с.,3.0
Audi,A4,299 000 q,,212 116,дизель,автомат,синий,седан,,левый,,,,150 л.с.,2.5
Audi,Q3,1 039 000 q,,121 565,бензин,автомат,белый,,,левый,,,,170 л.с.,2.0
Audi,Q3,1 312 000 q,,53 584,бензин,автомат,черный,,,левый,,,,170 л.с.,2.0
Audi,Q7,675 000 q,,252 000,бензин,автомат,серебристый,,,левый,,,,280 л.с.,3.6
Audi,A5,1 137 000 q,,167 854,дизель,автомат,серый,купе,,левый,,,,245 л.с.,3.0
Audi,A8,5 455 000 q,,60 785,бензин,автомат,черный,,,левый,,,,340 л.с.,3.0
Audi,A6,1 009 000 q,,227 397,дизель,автомат,черный,седан,,левый,,,,245 л.с.,3.0
Audi,A4,689 000 q,,205 000,бензин,автомат,белый,седан,,левый,,,,160 л.с.,1.8
Audi,A3,815 000 q,,88 000,бензин,автомат,белый,хэтчбек 5 дв.,,левый,,,,105 л.с.,1.2
Audi,Q7,1 850 000 q,,156 560,дизель,автомат,синий,,,левый,,,,245 л.с.,3.0
Audi,Q7,1 430 000 q,,101 000,бензин,автомат,черный,,,левый,,,,272 л.с.,3.0
Audi,A4,399 000 q,,223 000,бензин,автомат,бежевый,седан,,левый,,,,163 л.с.,1.8
Audi,Q5,1 265 000 q,,126 700,бензин,автомат,черный,,,левый,,,,225 л.с.,2.0
Audi,A3,981 200 q,,115 454,бензин,автомат,красный,седан,,левый,,,,125 л.с.,1.4
Audi,Q5,3 290 000 q,,900,бензин,автомат,синий,,,левый,,,,249 л.с.,2.0
Audi,A3,1 109 000 q,,76 148,бензин,автомат,серебристый,седан,,левый,,,,125 л.с.,1.4
Audi,Q7,3 298 000 q,,116 960,дизель,автомат,синий,,,левый,,,,249 л.с.,3.0
Audi,A3,499 000 q,,135 000,бензин,автомат,белый,хэтчбек 5 дв.,,левый,,,,102 л.с.,1.6
Audi,Q5,959 900 q,,134 793,бензин,автомат,белый,,,левый,,,,211 л.с.,2.0
Audi,RS6,5 199 900 q,,44 928,бензин,автомат,серый,седан,,левый,,,,605 л.с.,4.0
Audi,Q5,1 679 000 q,,67 205,бензин,автомат,черный,,,левый,,,,225 л.с.,2.0
Audi,Q3,1 009 000 q,,99 115,бензин,автомат,серый,,,левый,,,,170 л.с.,2.0
Audi,Q3,1 599 000 q,,47 469,бензин,автомат,синий,,,левый,,,,180 л.с.,2.0
Audi,A1,799 000 q,,102 963,бензин,автомат,черный,хэтчбек 5 дв.,,левый,,,,122 л.с.,1.4
Audi,A8,1 900 000 q,,137 672,бензин,автомат,коричневый,,,левый,,,,310 л.с.,3.0
Audi,Q5,3 300 000 q,,8 138,бензин,автомат,коричневый,,,левый,,,,249 л.с.,2.0
Audi,A4,3 270 000 q,,0,бензин,автомат,белый,универсал,,левый,WAUZZZF47MA****71,,,249 л.с.,2.0
Audi,A4,3 270 000 q,,0,бензин,автомат,серый,универсал,,левый,WAUZZZF49MA****13,,,249 л.с.,2.0
Audi,A4,3 270 000 q,,0,бензин,автомат,синий,универсал,,левый,WAUZZZF4XMA****77,,,249 л.с.,2.0
Audi,Q5,3 502 360 q,,0,бензин,автомат,серебристый,,,левый,WAUZZZFY5L2****37,,,249 л.с.,2.0
Audi,Q5,3 460 000 q,,0,бензин,автомат,синий,,,левый,WAUZZZFY1L2****45,,,249 л.с.,2.0
Audi,Q5,3 460 000 q,,0,бензин,автомат,синий,,,левый,WAUZZZFY1L2****91,,,249 л.с.,2.0
Audi,Q5,3 460 000 q,,0,бензин,автомат,серый,,,левый,WAUZZZFY0L2****44,,,249 л.с.,2.0
Audi,Q5,3 460 000 q,,0,бензин,автомат,белый,,,левый,WAUZZZFY3L2****73,,,249 л.с.,2.0
Audi,Q5,3 460 000 q,,0,бензин,автомат,черный,,,левый,WAUZZZFY4L2****34,,,249 л.с.,2.0
Audi,Q5,3 460 000 q,,0,бензин,автомат,красный,,,левый,WAUZZZFY5L2****08,,,249 л.с.,2.0
Audi,Q5,3 460 000 q,,0,бензин,автомат,серый,,,левый,WAUZZZFY6L2****11,,,249 л.с.,2.0
Audi,Q5,3 460 000 q,,0,бензин,автомат,серый,,,левый,WAUZZZFY8L2****34,,,249 л.с.,2.0
Audi,Q5,3 460 000 q,,0,бензин,автомат,серый,,,левый,WAUZZZFY9L2****58,,,249 л.с.,2.0
Audi,Q5,3 460 000 q,,0,бензин,автомат,серый,,,левый,WAUZZZFY9L2****76,,,249 л.с.,2.0
Audi,Q5,3 460 000 q,,0,бензин,автомат,серый,,,левый,WAUZZZFY2L2****91,,,249 л.с.,2.0
Audi,Q5,3 460 000 q,,0,бензин,автомат,серый,,,левый,WAUZZZFY8L2****04,,,249 л.с.,2.0
Audi,Q5,3 460 000 q,,0,бензин,автомат,серый,,,левый,WAUZZZFY7L2****39,,,249 л.с.,2.0
Audi,Q5,3 460 000 q,,0,бензин,автомат,серый,,,левый,WAUZZZFY5L2****38,,,249 л.с.,2.0
Audi,Q3,2 994 049 q,,0,бензин,автомат,синий,,,левый,WAUZZZF33M1****59,,,180 л.с.,2.0
Audi,Q3,3 018 808 q,,0,бензин,автомат,черный,,,левый,WAUZZZF39M1****05,,,180 л.с.,2.0
Audi,Q3,2 850 768 q,,0,бензин,автомат,черный,,,левый,WAUZZZF38M1****43,,,180 л.с.,2.0
Audi,Q3,2 850 768 q,,0,бензин,автомат,серый,,,левый,WAUZZZF39M1****44,,,180 л.с.,2.0
Audi,Q3,2 847 948 q,,0,бензин,автомат,синий,,,левый,WAUZZZF38M1****76,,,180 л.с.,2.0
Audi,A5,4 160 663 q,,0,бензин,автомат,красный,лифтбек,,левый,WAUZZZF50MA****68,,,249 л.с.,2.0
Audi,A5,4 034 429 q,,0,бензин,автомат,синий,купе,,левый,WAUZZZF58MA****76,,,249 л.с.,2.0
Audi,A4,3 270 000 q,,0,бензин,автомат,белый,,,левый,WAUZZZF41MA****98,,,245 л.с.,2.0
Audi,A4,3 639 210 q,,0,бензин,автомат,серый,,,левый,WAUZZZF40MA****39,,,245 л.с.,2.0
Audi,A4,3 633 934 q,,0,бензин,автомат,синий,,,левый,WAUZZZF41MA****61,,,245 л.с.,2.0
Audi,A4,3 464 847 q,,0,бензин,автомат,синий,,,левый,WAUZZZF41MA****06,,,245 л.с.,2.0
Audi,A4,3 469 237 q,,0,бензин,автомат,белый,,,левый,WAUZZZF46MA****17,,,245 л.с.,2.0
Audi,A4,2 275 000 q,,0,бензин,автомат,синий,седан,,левый,WAUZZZF49MA****63,,,150 л.с.,2.0
Audi,A4,2 275 000 q,,0,бензин,автомат,серый,седан,,левый,WAUZZZF48MA****37,,,150 л.с.,2.0
Audi,A4,2 390 473 q,,0,бензин,автомат,черный,седан,,левый,WAUZZZF43MN****52,,,150 л.с.,2.0
Audi,A4,2 390 473 q,,0,бензин,автомат,синий,седан,,левый,WAUZZZF46MN****28,,,150 л.с.,2.0
Audi,A3,1 885 400 q,,0,бензин,автомат,серый,седан,,левый,WAUZZZ8V3LA****10,,,150 л.с.,1.4
Audi,A3,1 885 400 q,,0,бензин,автомат,белый,седан,,левый,WAUZZZ8V8LA****86,,,150 л.с.,1.4
Audi,A3,1 885 400 q,,0,бензин,автомат,синий,седан,,левый,WAUZZZ8V7LA****99,,,150 л.с.,1.4
Audi,A3,1 885 400 q,,0,бензин,автомат,синий,седан,,левый,WAUZZZ8V6LA****78,,,150 л.с.,1.4
Audi,A3,1 885 400 q,,0,бензин,автомат,серый,седан,,левый,WAUZZZ8V4LA****25,,,150 л.с.,1.4
Audi,A3,1 885 400 q,,0,бензин,автомат,серый,седан,,левый,WAUZZZ8V2LA****10,,,150 л.с.,1.4
Audi,A3,1 885 400 q,,0,бензин,автомат,серый,седан,,левый,WAUZZZ8V1LA****53,,,150 л.с.,1.4
Audi,A3,1 885 400 q,,0,бензин,автомат,серый,седан,,левый,WAUZZZ8V5LA****98,,,150 л.с.,1.4
Audi,A3,1 885 400 q,,0,бензин,автомат,белый,седан,,левый,WAUZZZ8V1LA****60,,,150 л.с.,1.4
Audi,A3,1 885 400 q,,0,бензин,автомат,серый,седан,,левый,WAUZZZ8V9LA****77,,,150 л.с.,1.4
Audi,A3,1 885 400 q,,0,бензин,автомат,серый,седан,,левый,WAUZZZ8V5LA****64,,,150 л.с.,1.4
Audi,A3,1 885 400 q,,0,бензин,автомат,серый,седан,,левый,WAUZZZ8V0LA****58,,,150 л.с.,1.4
Audi,A3,1 885 400 q,,0,бензин,автомат,белый,седан,,левый,WAUZZZ8V3LA****54,,,150 л.с.,1.4
Audi,A3,1 885 400 q,,0,бензин,автомат,синий,седан,,левый,WAUZZZ8V4LA****57,,,150 л.с.,1.4
Audi,A3,1 885 400 q,,0,бензин,автомат,серый,седан,,левый,WAUZZZ8V1LA****85,,,150 л.с.,1.4
Audi,A3,530 000 q,,130 500,бензин,автомат,белый,хэтчбек 5 дв.,,левый,,,,102 л.с.,1.6
Audi,Q5,750 000 q,,210 000,бензин,автомат,черный,,,левый,,,,211 л.с.,2.0
Audi,100,70 000 q,,150 000,бензин,механика,серебристый,седан,,левый,,,,136 л.с.,2.3
Audi,Q7,840 000 q,,270 000,дизель,автомат,серый,,,левый,,,,233 л.с.,3.0
Audi,A4,870 000 q,,44 444,бензин,автомат,белый,седан,,левый,,,,170 л.с.,1.8
Audi,Q8,5 790 000 q,,33 000,бензин,автомат,синий,,,левый,,,,340 л.с.,3.0
Audi,A3,585 000 q,,177 845,бензин,,белый,хэтчбек 5 дв.,,левый,,,,,1.2
Audi,A6,290 000 q,,196 000,бензин,автомат,зеленый,седан,,левый,,,,220 л.с.,3.0
Audi,A6,1 898 000 q,,88 680,дизель,автомат,черный,седан,,левый,,,,245 л.с.,3.0
Audi,Q3,1 249 000 q,,72 234,бензин,автомат,синий,,,левый,,,,170 л.с.,2.0
Audi,Q5,2 745 000 q,,51 194,бензин,автомат,синий,,,левый,,,,249 л.с.,2.0
Audi,A5,2 946 286 q,,33 618,бензин,автомат,синий,купе,,левый,,,,249 л.с.,2.0
Audi,Q3,1 700 975 q,,87 875,бензин,автомат,белый,,,левый,,,,180 л.с.,2.0
Audi,Q5,2 220 000 q,,46 608,бензин,автомат,синий,,,левый,,,,230 л.с.,2.0
Audi,Q7,1 395 000 q,,188 000,дизель,автомат,белый,,,левый,,,,500 л.с.,5.9
Audi,Q7,3 528 000 q,,51 383,дизель,автомат,черный,,,левый,,,,249 л.с.,3.0
Audi,A4,900 000 q,,91 000,бензин,автомат,черный,седан,,левый,,,,160 л.с.,1.8
Audi,Q3,1 270 000 q,,89 746,бензин,автомат,черный,,,левый,,,,150 л.с.,1.4
Audi,Q3,1 395 000 q,,82 131,бензин,автомат,белый,,,левый,,,,170 л.с.,2.0
Audi,Q5,3 810 000 q,,0,бензин,автомат,серый,,,левый,WAUZZZFY7L2****89,,,249 л.с.,2.0
Audi,Q5,3 460 000 q,,0,бензин,автомат,черный,,,левый,WAUZZZFY9L2****10,,,249 л.с.,2.0
Audi,Q5,3 460 000 q,,0,бензин,автомат,черный,,,левый,WAUZZZFY4L2****12,,,249 л.с.,2.0
Audi,Q5,3 810 000 q,,0,бензин,автомат,белый,,,левый,WAUZZZFY4L2****31,,,249 л.с.,2.0
Audi,Q5,3 810 000 q,,0,бензин,автомат,белый,,,левый,WAUZZZFY6L2****25,,,249 л.с.,2.0
Audi,Q5,3 810 000 q,,0,бензин,автомат,серый,,,левый,WAUZZZFY9L2****25,,,249 л.с.,2.0
Audi,Q5,3 810 000 q,,0,бензин,автомат,белый,,,левый,WAUZZZFY4L2****77,,,249 л.с.,2.0
Audi,Q5,3 810 000 q,,0,бензин,автомат,белый,,,левый,WAUZZZFY1L2****68,,,249 л.с.,2.0
Audi,Q5,3 810 000 q,,0,бензин,автомат,черный,,,левый,WAUZZZFY5L2****48,,,249 л.с.,2.0
Audi,Q5,3 810 000 q,,0,бензин,автомат,серый,,,левый,WAUZZZFY0L2****81,,,249 л.с.,2.0
Audi,Q5,3 810 000 q,,0,бензин,автомат,черный,,,левый,WAUZZZFYXL2****37,,,249 л.с.,2.0
Audi,Q5,4 311 000 q,,0,бензин,автомат,серый,,,левый,WAUZZZFY0L2****21,,,249 л.с.,2.0
Audi,Q5,3 460 000 q,,0,бензин,автомат,белый,,,левый,WAUZZZFY4L2****31,,,249 л.с.,2.0
Audi,Q5,3 460 000 q,,0,бензин,автомат,белый,,,левый,WAUZZZFY9L2****56,,,249 л.с.,2.0
Audi,Q5,3 460 000 q,,0,бензин,автомат,серебристый,,,левый,WAUZZZFY9L2****01,,,249 л.с.,2.0
Audi,Q5,3 460 000 q,,0,бензин,автомат,белый,,,левый,WAUZZZFY4L2****12,,,249 л.с.,2.0
Audi,Q5,3 460 000 q,,0,бензин,автомат,серебристый,,,левый,WAUZZZFY0L2****76,,,249 л.с.,2.0
Audi,Q5,3 460 000 q,,0,бензин,автомат,серый,,,левый,WAUZZZFY7L2****12,,,249 л.с.,2.0
Audi,Q5,1 250 000 q,,67 000,бензин,автомат,черный,,,левый,,,,225 л.с.,2.0
Audi,Q5,1 160 000 q,,192 000,бензин,автомат,красный,,,левый,,,,225 л.с.,2.0
Audi,Q5,3 625 000 q,,0,бензин,автомат,белый,,,левый,WAUZZZFY4L2****10,,,249 л.с.,2.0
Audi,Q5,3 625 000 q,,0,бензин,автомат,черный,,,левый,WAUZZZFY9L2****27,,,249 л.с.,2.0
Audi,Q5,3 625 000 q,,0,бензин,автомат,серый,,,левый,WAUZZZFY9L2****57,,,249 л.с.,2.0
Audi,Q5,3 625 000 q,,0,бензин,автомат,черный,,,левый,WAUZZZFYXL2****86,,,249 л.с.,2.0
Audi,Q5,3 625 000 q,,0,бензин,автомат,серый,,,левый,WAUZZZFY7L2****17,,,249 л.с.,2.0
Audi,Q5,3 625 000 q,,0,бензин,автомат,серый,,,левый,WAUZZZFY0L2****22,,,249 л.с.,2.0
Audi,Q5,3 625 000 q,,0,бензин,автомат,черный,,,левый,WAUZZZFY9L2****27,,,249 л.с.,2.0
Audi,Q5,3 625 000 q,,0,бензин,автомат,черный,,,левый,WAUZZZFY2L2****34,,,249 л.с.,2.0
Audi,Q5,3 625 000 q,,0,бензин,автомат,черный,,,левый,WAUZZZFY5L2****18,,,249 л.с.,2.0
Audi,Q5,3 625 000 q,,0,бензин,автомат,белый,,,левый,WAUZZZFY3L2****34,,,249 л.с.,2.0
Audi,Q5,3 625 000 q,,0,бензин,автомат,серый,,,левый,WAUZZZFY1L2****60,,,249 л.с.,2.0
Audi,Q5,3 625 000 q,,0,бензин,автомат,черный,,,левый,WAUZZZFY1L2****74,,,249 л.с.,2.0
Audi,Q5,3 625 000 q,,0,бензин,автомат,белый,,,левый,WAUZZZFY6L2****63,,,249 л.с.,2.0
Audi,Q5,3 625 000 q,,0,бензин,автомат,белый,,,левый,WAUZZZFY7L2****76,,,249 л.с.,2.0
